Feature_1,Feature_2,Feature_3,Feature_4,Feature_5,Feature_6,Feature_7,Feature_8,Feature_9,Feature_10,Feature_11,Feature_12,Feature_13,Feature_14,Feature_15,Feature_16,Feature_17,Y
1,22,22,22,19,18,14,49.895756,17.775994,5.27092,0.771761,0.018632,0.006864,0.003923,0.003923,0.486903,0.100025,0
1,24,24,22,18,16,13,57.709936,23.799994,3.325423,0.234185,0.003903,0.003903,0.003903,0.003903,0.520908,0.144414,0
1,62,60,59,54,47,33,55.831441,27.993933,12.687485,4.852282,1.393889,0.373252,0.041817,0.007744,0.530904,0.128548,1
1,55,53,53,50,43,31,40.467228,18.445954,9.118901,3.079428,0.840261,0.272434,0.007653,0.001531,0.483284,0.11479,0
1,44,44,44,41,39,27,18.026254,8.570709,0.410381,0,0,0,0,0,0.475935,0.123572,1
1,6,6,6,6,2,1,20.679649,9.497786,1.22366,0.150382,0,0,0,0,0.576318,0.071071,0
1,22,21,18,15,13,10,66.691933,23.545543,6.151117,0.496372,0,0,0,0,0.500073,0.116793,1
1,79,75,73,71,64,47,22.141784,10.054384,0.874633,0.09978,0.023386,0,0,0,0.560959,0.109134,1
1,45,45,45,43,40,32,84.358401,50.977459,17.293722,1.974419,0,0,0,0,0.546008,0.112378,0
0,25,25,25,23,22,18,22.480047,13.949995,0.436232,0.116119,0,0,0,0,0.551682,0.139657,0
1,70,69,65,63,63,50,10.5601,3.108358,0.625511,0.287959,0.103985,0.004799,0,0,0.534396,0.089587,1
1,48,43,39,32,27,18,23.012798,6.737583,2.403903,0.189235,0.011437,0,0,0,0.501554,0.138287,1
1,94,93,92,89,86,77,8.610822,1.981319,0.401183,0.066095,0,0,0,0,0.541277,0.124505,0
1,20,18,16,15,13,9,65.113664,33.124797,8.785379,0.673542,0.051811,0.002933,0.000978,0.000978,0.569458,0.089936,0
1,105,95,81,66,46,32,123.053484,70.57101,37.409891,19.937253,14.786668,6.114911,2.34574,1.002243,0.524461,0.134247,1
1,25,25,24,23,22,19,17.03406,9.976938,1.067243,0.484829,0.46779,0.306697,0.188975,0.130114,0.552002,0.108428,0
1,64,64,63,58,55,40,19.673459,6.064866,0.907342,0.080105,0,0,0,0,0.551182,0.098591,0
0,46,41,39,32,23,15,115.533777,21.293312,9.665742,2.276676,0.329396,0.186,0.118458,0.071698,0.540472,0.104949,1
1,37,37,37,34,31,23,61.357614,35.165912,8.114027,1.204871,0.178499,0.010772,0,0,0.478189,0.110793,0
1,5,5,5,5,4,3,133.054234,6.890885,2.718365,0.169898,0.01794,0.011608,0.003166,0.001055,0.588627,0.109748,1
1,40,38,33,25,20,12,73.082699,23.121256,13.093588,5.437382,3.845287,2.028783,0.518568,0.10715,0.527112,0.105129,1
1,55,53,51,47,39,26,71.337302,39.430203,21.117569,3.956318,0.636703,0.032852,0,0,0.540769,0.117329,0
1,99,98,68,53,42,27,298.06851,50.269654,33.693698,10.98918,6.124441,1.748958,0.358444,0.181282,0.556481,0.117421,1
1,45,45,45,43,37,24,35.173512,15.421144,5.206171,1.491918,0.371425,0.017095,0,0,0.543355,0.11811,0
1,103,89,83,71,60,38,11.025085,3.762343,0.015592,0.010914,0.003118,0.003118,0.001559,0.001559,0.488566,0.134091,1
1,12,12,11,11,10,8,31.303995,2.021039,0.310613,0.008228,0,0,0,0,0.566789,0.096681,0
1,42,38,38,37,35,32,12.494963,4.42648,0.588359,0,0,0,0,0,0.561081,0.099592,1
1,9,9,9,9,8,5,196.172269,36.529744,18.431154,3.606006,0.05935,0,0,0,0.5215,0.108467,0
1,64,64,62,53,50,31,30.775909,14.45127,3.074836,0.932093,0.156114,0.071935,0,0,0.471605,0.099484,1
0,30,30,30,29,27,21,5.16331,0.846716,0.003019,0,0,0,0,0,0.498254,0.125272,0
1,2,2,2,2,2,1,47.930183,6.587595,1.470575,0.198559,0.002068,0,0,0,0.519195,0.114792,1
1,43,42,42,39,37,27,39.211044,18.275524,3.939161,0.584198,0.018209,0.009104,0.00607,0.004552,0.47098,0.121392,0
0,16,16,16,13,10,8,45.545822,22.493089,4.828992,1.672169,0.433024,0.263874,0.029964,0.010632,0.510826,0.123721,1
1,5,5,5,5,4,2,69.552393,31.66465,13.057079,0.734306,0,0,0,0,0.502259,0.109015,0
1,13,12,11,9,8,6,2.126707,0.337744,0,0,0,0,0,0,0.493133,0.135714,0
1,4,4,4,4,4,4,78.557051,20.402173,5.151197,0.346308,0.034114,0,0,0,0.506806,0.114747,0
1,37,35,34,30,28,22,20.993883,11.376063,0.981876,0.025879,0,0,0,0,0.520133,0.123305,1
1,64,62,60,58,51,43,42.140207,20.794294,7.617959,0.695383,0.137514,0,0,0,0.485808,0.087509,1
1,7,7,7,7,7,4,37.238886,17.444478,2.888475,0.078299,0.034375,0.008594,0.005729,0.003819,0.499921,0.148959,0
1,42,42,37,36,35,26,79.513425,58.724897,2.791295,0.420079,0.216964,0.167724,0.144643,0,0.558575,0.166185,1
1,15,15,14,12,10,9,70.413923,40.163401,11.161267,1.598323,0.317158,0.011568,0.005784,0.000964,0.424173,0.120501,0
1,22,22,20,19,16,13,7.666737,2.188929,0.161388,0,0,0,0,0,0.528319,0.159822,0
1,33,33,33,32,32,31,4.645313,0.233589,0.003115,0,0,0,0,0,0.515357,0.099665,1
1,19,19,18,16,12,11,32.664999,13.682969,4.325823,0.413333,0.107486,0.04104,0.003909,0.003909,0.505168,0.104555,0
1,12,12,12,12,10,7,60.619638,25.412079,4.447385,0.420792,0.011826,0,0,0,0.507336,0.115299,0
1,49,48,45,40,37,26,26.347993,13.666809,2.556415,0.192468,0,0,0,0,0.557765,0.113308,1
1,107,97,89,73,61,39,46.898288,26.625319,11.290695,8.119854,5.258325,3.758994,2.169764,1.330199,0.511867,0.097517,1
1,22,19,19,15,12,9,70.192324,24.971335,4.403699,0.713671,0.394666,0.207558,0.089976,0.039876,0.518668,0.098155,1
1,15,15,14,14,11,9,120.037514,55.14125,9.176269,1.020974,0.007691,0.004807,0.004807,0.003845,0.514624,0.085562,0
1,56,55,46,41,37,28,6.960789,2.747318,1.544124,0.631409,0.201806,0.160528,0.133009,0.11772,0.522871,0.102432,1
0,7,7,7,7,6,4,172.825204,76.289701,17.212219,1.201699,0.012138,0,0,0,0.512196,0.142626,1
1,24,24,23,21,19,15,96.599355,36.501107,10.878852,1.407478,0.005772,0.003848,0,0,0.527487,0.105825,0
1,18,18,18,17,15,9,72.630707,25.142031,10.053525,1.824551,0.26608,0.019519,0,0,0.553314,0.093488,1
1,14,14,14,14,12,9,125.731993,48.659028,16.775043,1.694859,0.00595,0.00595,0.00595,0.00595,0.55084,0.111073,0
1,101,87,73,60,42,24,145.799804,15.768882,6.647874,0.372636,0.004039,0,0,0,0.568974,0.064631,1
1,19,19,15,15,15,11,3.332213,0.302928,0.054801,0,0,0,0,0,0.519713,0.118736,1
1,61,60,58,57,54,42,32.028807,12.793278,3.658368,0.327146,0.023592,0.020447,0.014155,0.006291,0.575902,0.102233,0
1,56,55,54,51,46,31,41.15413,19.139912,8.664596,0.819687,0.004631,0,0,0,0.487138,0.120406,1
1,51,50,48,42,37,22,110.644051,54.594325,12.291867,1.497559,0.100604,0.027786,0.003833,0.003833,0.530484,0.10252,1
1,73,71,71,70,70,65,44.343736,29.424664,6.624892,0.811588,0.056873,0,0,0,0.534769,0.079929,0
1,17,16,16,16,12,10,54.483137,14.79985,3.203629,0.155942,0.01462,0.003899,0,0,0.522769,0.081869,0
1,66,62,61,61,57,44,42.595095,20.475159,2.783822,1.13136,0.498044,0.215204,0,0,0.527952,0.086082,0
1,70,64,61,54,51,34,29.073507,9.481386,4.487734,1.196221,0.172195,0.051811,0.006095,0.001524,0.489025,0.091431,1
1,19,18,17,14,13,8,47.000422,28.290417,12.426334,1.600509,0.086458,0,0,0,0.532509,0.086458,0
1,34,34,28,22,17,9,80.102809,35.595044,7.515836,0.929973,0.25993,0.216609,0.184839,0.003851,0.515703,0.095308,1
1,95,83,81,73,62,42,40.186635,17.350155,10.183585,3.318716,1.325939,0.411552,0.034038,0.004642,0.478644,0.092831,1
1,54,54,54,53,51,41,14.512332,7.266234,0.597904,0.018588,0,0,0,0,0.491181,0.116173,1
1,60,56,46,37,29,19,247.798988,55.343818,32.199603,11.184719,3.642385,1.822757,1.132445,0.313873,0.489107,0.077165,1
1,52,51,51,50,48,34,22.951977,10.029318,4.423472,0.513135,0.054096,0.023184,0,0,0.497064,0.100463,0
1,22,20,16,13,10,7,87.69468,36.084155,15.664896,1.653017,0,0,0,0,0.524302,0.086838,1
1,35,35,34,30,27,21,20.224045,10.671793,0.937143,0.083337,0,0,0,0,0.528512,0.100633,1
1,11,11,9,9,8,5,13.935559,6.857066,2.138412,1.027176,0.675558,0.435678,0.333166,0.041005,0.523698,0.108663,1
1,15,14,14,14,13,8,24.963152,1.112323,0.202241,0,0,0,0,0,0.518514,0.097993,1
1,79,74,69,64,57,37,31.73432,3.922031,1.132117,0.051806,0,0,0,0,0.490258,0.111231,1
1,63,62,62,58,53,42,42.29046,19.897005,10.561198,2.730872,0.40339,0.085245,0,0,0.468996,0.097422,1
1,45,40,34,30,19,12,123.298724,39.026421,20.514816,7.394719,4.346491,1.503958,1.030547,0.474445,0.528052,0.112668,1
1,29,29,27,25,21,18,90.97488,49.911174,23.987895,4.047519,0.751442,0.158978,0.014812,0.006912,0.487065,0.115531,0
1,58,57,56,56,54,43,52.80355,31.473528,5.661383,0.31165,0.017227,0,0,0,0.491265,0.076738,1
1,24,24,22,22,19,15,89.107549,60.484696,20.952812,1.666182,0.073661,0,0,0,0.505949,0.084035,0
1,11,10,10,6,5,5,104.72803,31.381846,7.475142,0.373965,0.029167,0,0,0,0.563954,0.126044,1
1,42,41,40,37,34,22,29.989661,11.839058,1.112416,0,0,0,0,0,0.511867,0.139838,1
1,41,41,39,37,36,28,9.874715,1.126417,0.173295,0,0,0,0,0,0.488187,0.13616,1
1,19,19,16,14,10,6,121.84865,33.550112,9.142322,0.710916,0,0,0,0,0.52921,0.102545,1
1,13,13,13,12,12,8,71.506916,32.943502,6.383264,0.586822,0.013579,0.00388,0.00388,0.00388,0.488096,0.106695,0
1,13,12,11,9,5,4,147.830416,39.516965,15.784663,1.349072,0.026878,0,0,0,0.534103,0.135424,1
1,42,42,41,40,39,32,14.580941,5.638233,0.736568,0.004652,0,0,0,0,0.496263,0.105445,0
1,47,39,33,23,17,10,80.308142,33.759494,19.62536,16.094403,12.540772,9.182962,5.228413,3.086753,0.48357,0.098941,1
0,1,1,1,1,1,1,33.439499,11.918998,1.360702,0.044063,0,0,0,0,0.544443,0.139532,0
1,47,47,45,42,39,27,12.528883,4.043778,0.309542,0.021243,0,0,0,0,0.537362,0.121389,1
1,36,36,35,33,27,19,49.718087,24.47149,12.510102,1.281612,0.079621,0.037412,0.003837,0.003837,0.478831,0.099766,0
1,26,25,25,25,25,17,6.380293,1.676361,0.02454,0,0,0,0,0,0.5496,0.092023,0
1,53,52,52,52,51,39,75.983475,39.166644,15.95505,1.287803,0.093432,0,0,0,0.554139,0.118347,0
1,49,39,31,23,16,11,149.32625,50.25123,25.135818,10.571634,4.894521,2.50797,1.403973,0.337729,0.493849,0.090809,1
1,60,58,56,54,49,37,17.133907,7.879344,3.486667,0.126563,0.003087,0,0,0,0.534607,0.086434,1
1,5,5,5,4,4,4,34.651807,19.531708,6.94306,0.076804,0,0,0,0,0.553294,0.072708,0
1,41,41,40,40,38,35,6.090116,0.834492,0.02746,0,0,0,0,0,0.506881,0.091535,0
1,43,43,43,41,39,22,47.749076,26.63222,4.384047,0.436208,0,0,0,0,0.508396,0.117682,0
1,9,9,8,7,7,4,145.891998,17.009009,7.40022,0.954294,0.001045,0,0,0,0.532231,0.093025,1
1,76,76,74,69,61,41,56.752722,24.995829,10.18401,2.21651,0.183793,0.03613,0,0,0.569042,0.12567,0
1,12,11,11,10,9,8,87.874152,15.996503,6.456335,1.240172,0.007041,0.001006,0,0,0.523721,0.114663,1
1,10,10,10,8,7,4,67.106941,17.441967,4.890571,0.287858,0.004012,0,0,0,0.563733,0.079236,1
0,52,48,46,41,36,29,6.922057,3.188813,1.502631,1.039086,0.866424,0,0,0,0.539103,0.105775,1
1,37,36,36,36,34,25,37.667153,16.675068,4.589004,1.119578,0.113855,0,0,0,0.550092,0.113855,0
1,28,24,23,20,17,12,36.00019,2.599053,0.738518,0.023397,0.004069,0.001017,0.001017,0.001017,0.482327,0.090535,1
1,16,15,15,14,12,9,1.585571,0.064843,0.004632,0,0,0,0,0,0.492522,0.125055,0
0,51,50,49,49,47,32,13.388122,3.02962,0.64097,0.112208,0,0,0,0,0.497224,0.112208,0
1,114,110,93,76,51,27,189.370482,27.807442,13.990668,0.891073,0.008232,0,0,0,0.577045,0.131706,1
1,47,46,44,44,43,37,13.799567,4.805384,0.400321,0,0,0,0,0,0.53021,0.111967,1
1,16,15,14,13,11,9,46.8325,21.635597,2.999985,0.506774,0.124958,0.046611,0.000992,0.000992,0.57876,0.101157,0
1,61,60,60,57,53,38,42.261483,18.022128,8.845998,0.588095,0.098272,0.003071,0,0,0.515133,0.075239,1
1,63,63,61,59,55,48,13.198181,5.947414,1.164862,0.10156,0.020004,0.006155,0.003078,0,0.507123,0.090788,1
1,28,27,27,24,22,19,1.075534,0.004577,0,0,0,0,0,0,0.525351,0.109842,1
1,13,13,13,12,12,11,65.162116,25.772514,3.709344,0.322866,0.002063,0,0,0,0.554298,0.096963,1
1,62,61,61,61,61,55,16.975008,10.315228,1.279254,0.045961,0,0,0,0,0.535399,0.09039,1
1,15,15,15,14,11,6,82.703077,20.592142,4.563607,0.312338,0.003856,0.003856,0.003856,0.003856,0.53348,0.095437,0
1,15,15,15,15,12,10,55.831567,8.713496,2.060281,0.08491,0.00488,0.00488,0.00488,0.00488,0.492876,0.121997,0
1,59,58,56,56,54,44,25.765382,8.620228,1.097511,0.099913,0.081468,0.041503,0.03228,0.03228,0.484986,0.136805,1
0,8,8,8,6,6,5,10.790814,5.303667,0.060822,0.001014,0,0,0,0,0.515916,0.107452,1
1,10,10,10,10,9,7,132.596385,62.74036,26.938458,5.086118,0.644187,0.098006,0,0,0.483907,0.11332,0
1,40,39,39,34,32,21,34.151123,13.867574,2.267345,0.012256,0,0,0,0,0.534825,0.107239,0
1,47,45,41,39,37,30,88.802964,49.013816,25.011965,6.607696,1.177948,0.074593,0.001554,0,0.53816,0.113444,0
1,18,18,18,17,13,11,61.851845,9.463816,1.593744,0.053433,0,0,0,0,0.567306,0.098646,0
1,64,62,59,57,54,38,34.562647,14.824904,2.466818,0.45433,0.011198,0,0,0,0.56334,0.089586,1
1,34,33,32,29,24,18,10.754434,3.826111,0.088766,0,0,0,0,0,0.548753,0.10254,1
1,30,29,23,19,14,7,180.58726,25.138462,10.724709,0.523459,0,0,0,0,0.537236,0.109657,1
1,33,33,32,30,26,17,3.889365,0.928398,0.073505,0,0,0,0,0,0.508808,0.111855,1
1,16,16,16,16,14,11,15.996582,6.311696,0.860597,0.09064,0.003899,0.003899,0.003899,0.003899,0.526985,0.124752,0
1,87,82,80,77,72,46,30.017629,6.742002,2.193125,0.26175,0,0,0,0,0.516769,0.100673,0
1,17,17,15,13,10,4,18.929229,6.081112,1.572806,0.175766,0.007071,0,0,0,0.56814,0.091924,0
1,24,24,20,18,18,17,24.694044,5.27285,1.311188,0.095217,0,0,0,0,0.533387,0.138924,1
1,55,53,51,46,43,34,23.318174,3.723004,1.814051,0.031116,0,0,0,0,0.539597,0.108905,1
1,11,11,10,9,8,5,146.106067,54.693471,40.271896,25.905498,16.272041,8.451243,1.917904,0.61001,0.478737,0.085831,1
1,47,45,45,42,36,26,28.5045,7.675472,1.572641,0.081556,0,0,0,0,0.512511,0.135413,1
1,67,66,66,64,61,55,51.07008,25.920766,15.032962,4.437834,0.165425,0.003181,0.001591,0,0.498413,0.082712,1
1,30,30,30,28,24,17,12.644209,2.65183,0.19517,0.055763,0,0,0,0,0.524292,0.100683,0
1,47,46,46,44,43,33,46.580741,22.864096,4.016728,0.564756,0.128424,0.075817,0.060344,0.05106,0.517175,0.095931,0
1,19,18,12,10,10,7,142.255388,22.516716,10.064476,1.830277,0.457057,0.218281,0.143471,0.106578,0.555026,0.111702,1
1,21,21,21,18,14,10,38.140539,21.298893,9.885579,1.396699,0.133067,0.025395,0,0,0.567239,0.097515,0
1,79,79,75,72,67,44,26.921892,9.965169,2.359398,0.396069,0.044867,0.006189,0,0,0.53427,0.123772,1
1,19,19,19,18,15,9,13.115054,5.845388,0.15433,0.050435,0,0,0,0,0.484477,0.109948,0
1,64,64,63,63,60,42,37.149264,17.395094,8.665897,1.369437,0.103441,0.003088,0,0,0.512465,0.111161,0
1,3,3,3,3,3,3,99.23397,8.685988,2.046803,0.027372,0,0,0,0,0.503853,0.127735,0
1,12,12,12,11,10,7,18.033631,3.298859,1.106733,0.147435,0.00194,0.00194,0.00194,0.00194,0.495386,0.076627,1
1,14,13,13,12,10,7,55.860065,16.08889,3.260012,0.146944,0,0,0,0,0.523373,0.091475,0
1,49,48,45,40,37,26,26.347993,13.666809,2.556415,0.192468,0,0,0,0,0.557765,0.113308,1
1,41,40,40,38,36,25,23.47095,7.033986,1.669545,0.062342,0.001521,0,0,0,0.541021,0.127725,0
1,14,14,14,14,11,8,39.998599,26.133902,6.321156,0.131927,0,0,0,0,0.553831,0.083485,1
0,13,13,13,12,11,6,31.004416,14.292234,0.994879,0.047469,0,0,0,0,0.549666,0.133508,0
1,16,16,16,16,13,10,65.345655,29.050949,14.034021,1.800817,0.257115,0,0,0,0.480905,0.102239,1
0,60,57,57,54,53,34,11.452905,3.467365,0.11356,0,0,0,0,0,0.52301,0.102961,1
1,37,35,30,19,17,10,24.503211,10.713234,2.160861,0.358074,0.195595,0.061059,0.008279,0.00207,0.531819,0.109699,1
1,12,12,12,11,10,7,19.976287,3.580179,0.841486,0.120507,0,0,0,0,0.543085,0.081368,0
1,73,70,61,51,40,24,286.341351,49.691422,27.729469,5.687412,1.987205,0.517598,0.05443,0.007189,0.530448,0.11913,1
1,68,63,63,62,59,43,13.976167,4.694983,0.665307,0.154502,0.044144,0.00473,0.001577,0,0.529988,0.115089,1
1,46,46,46,46,44,30,34.941411,19.05047,3.484501,0.516222,0.071525,0,0,0,0.512276,0.104177,0
1,89,82,76,72,56,37,54.290978,24.805279,15.273359,6.152664,2.523848,0.877382,0.14283,0.059643,0.511842,0.113008,1
1,60,55,48,35,24,17,65.725257,30.540841,8.442675,0.196002,0.012511,0,0,0,0.516642,0.094873,1
0,93,92,92,92,79,55,19.010348,5.390854,0.944886,0.028159,0.001564,0,0,0,0.573597,0.092298,1
1,43,43,43,42,35,27,18.779656,8.466755,1.441869,0.113751,0,0,0,0,0.551409,0.102991,0
1,38,38,38,37,36,25,20.353961,3.262627,0.857701,0,0,0,0,0,0.537429,0.123839,0
1,74,73,73,66,62,41,51.112703,13.356251,3.772144,0.255739,0,0,0,0,0.547192,0.082202,0
1,4,4,4,4,4,3,76.635253,36.246959,9.332797,0.668993,0.027081,0,0,0,0.47722,0.12437,0
1,73,67,64,59,51,37,32.804211,12.143579,5.871082,0.726225,0.212965,0.02145,0.019918,0.016853,0.517979,0.094991,1
1,45,45,42,37,35,27,33.32654,13.394355,2.895828,0.31563,0.006129,0,0,0,0.512577,0.104189,1
1,9,9,9,8,6,6,214.155464,31.265109,14.763404,1.748431,0.006078,0,0,0,0.480691,0.105352,0
1,37,37,37,36,34,28,52.567692,24.539326,4.8042,0.083551,0,0,0,0,0.521429,0.12378,0
1,49,45,43,42,38,34,128.096941,81.061108,47.879553,11.474921,1.442954,0.135826,0.011186,0.001598,0.516496,0.099073,1
1,49,49,49,46,33,24,110.505328,36.711632,11.784233,2.122308,0.41648,0.044002,0,0,0.49997,0.09312,1
1,17,16,16,14,12,9,75.438535,20.3525,5.237412,0.206817,0.003884,0.000971,0.000971,0.000971,0.544614,0.089329,1
1,81,78,74,66,60,39,26.819742,11.903282,1.970273,0.371255,0.024648,0,0,0,0.501801,0.115536,1
1,11,11,10,9,8,7,44.440233,7.945495,1.235718,0.087179,0.001014,0,0,0,0.507466,0.085152,0
1,16,16,15,14,14,11,4.873041,0.043887,0,0,0,0,0,0,0.538647,0.109718,0
1,80,75,69,62,57,40,32.993047,9.871923,2.518051,0.597789,0.195696,0.140656,0.10855,0.082559,0.519216,0.099377,1
1,5,5,5,5,4,2,83.95543,12.215938,3.585707,0.333531,0.028386,0.00811,0,0,0.474454,0.127735,0
1,59,56,53,49,46,36,15.255822,6.582832,1.274297,0.160064,0,0,0,0,0.480213,0.138308,1
1,16,16,16,15,12,10,213.445242,40.048163,19.069685,2.602162,0.387233,0.006082,0,0,0.475218,0.115562,1
1,16,16,16,15,14,13,8.596644,5.836869,0.045767,0,0,0,0,0,0.49489,0.143405,0
1,17,17,17,17,14,11,97.709759,45.024782,11.536633,0.603872,0.003822,0.003822,0.003822,0.001911,0.490026,0.114659,0
1,79,78,74,66,59,46,11.150209,3.472471,1.699833,0.732796,0.357693,0.311794,0.254817,0.227911,0.517034,0.120286,1
1,10,10,10,9,7,4,280.31585,28.260464,14.662112,0.400073,0.004135,0,0,0,0.489539,0.128189,0
1,68,68,63,59,54,39,49.202238,28.095693,13.009211,2.423481,0.273569,0.009274,0,0,0.522219,0.112828,0
1,83,82,82,80,78,58,25.551502,4.10323,1.733559,0.358993,0.006298,0,0,0,0.53601,0.089748,0
1,1,1,1,1,1,1,60.057023,26.562466,4.499223,0.118427,0,0,0,0,0.571359,0.082695,0
1,36,35,33,30,25,17,245.337355,167.131427,70.266718,15.865128,2.259873,0.319041,0.091008,0.054196,0.489652,0.123731,1
1,87,84,83,79,73,52,42.540332,18.268542,7.443595,1.578991,0.186398,0.012324,0.003081,0.003081,0.525536,0.16021,1
1,44,42,39,35,29,20,90.583399,44.496784,22.159041,7.185051,1.694587,0.354323,0.001541,0,0.544443,0.104756,0
1,21,21,21,19,17,14,13.642698,8.1242,0.152012,0.01689,0,0,0,0,0.526838,0.092129,0
1,80,79,78,78,72,60,15.871188,3.694036,1.122925,0.06815,0.001549,0,0,0,0.567241,0.091383,1
1,12,12,12,11,9,4,13.366027,2.027419,0.447194,0.00415,0,0,0,0,0.540938,0.087156,0
1,16,15,15,14,13,9,63.916326,32.425614,2.854533,0.070338,0.002931,0.001954,0.001954,0.001954,0.527709,0.122114,0
1,90,85,79,73,66,53,36.127779,20.509326,10.452983,8.234851,6.497264,4.816122,3.411102,1.922177,0.488193,0.123569,1
1,1,1,1,1,1,1,69.710838,26.152137,3.533734,0.467823,0.19423,0.15977,0.005221,0.005221,0.490024,0.136796,0
0,41,39,35,26,21,9,71.477402,14.144137,3.024873,0.599362,0.220501,0.151344,0.116264,0.075171,0.530954,0.111253,1
0,11,10,10,8,8,6,40.064967,26.83554,6.880809,0.543781,0.118801,0.020283,0.001932,0.001932,0.561407,0.12846,1
0,14,14,13,13,13,8,25.537754,13.654016,0.181173,0,0,0,0,0,0.534954,0.135112,1
1,13,13,11,10,7,6,114.978094,49.333487,14.222214,0.468778,0.006865,0.003923,0.003923,0.003923,0.57981,0.082379,0
1,48,48,48,48,41,30,34.032933,13.431057,6.029475,1.52491,0.328994,0,0,0,0.539868,0.106026,0
1,74,68,64,47,33,23,31.972796,15.06526,1.679252,0.775116,0.484073,0.322048,0.20103,0.037006,0.512147,0.091014,1
1,10,10,10,9,5,4,33.273921,8.460922,1.296987,0.117103,0,0,0,0,0.565969,0.120055,0
0,8,8,6,6,4,3,61.251046,13.855744,2.107825,0.131413,0,0,0,0,0.546974,0.105339,1
1,20,20,20,19,17,9,123.622304,34.630302,17.127238,3.043477,0.276494,0.070659,0.017409,0.013313,0.554011,0.121862,0
1,10,10,10,9,8,5,16.908632,5.947963,0.644971,0.008651,0.001922,0.001922,0.001922,0.001922,0.527185,0.09516,0
1,14,14,12,10,8,7,16.424917,2.911437,2.286834,1.510384,1.00726,0.473766,0.109331,0.034419,0.480712,0.08706,1
1,58,57,55,50,43,34,31.499303,16.223873,7.405699,0.924929,0.163038,0.083087,0.02665,0.010974,0.519667,0.125414,0
1,32,32,32,30,27,20,6.21601,1.987275,0.050837,0,0,0,0,0,0.534695,0.095512,0
1,52,50,50,47,43,28,9.302706,1.950052,0.123305,0,0,0,0,0,0.529951,0.10656,1
1,49,48,48,48,47,43,45.664014,31.845974,6.041499,0.34732,0,0,0,0,0.495989,0.116812,0
0,25,25,24,22,21,14,12.545788,7.01903,0.104076,0.003061,0,0,0,0,0.533689,0.079588,1
1,9,9,9,9,7,6,92.213462,7.607982,1.997121,0.081391,0,0,0,0,0.530446,0.092582,0
1,47,47,47,42,41,27,7.221695,1.225136,0.113752,0,0,0,0,0,0.535655,0.107603,1
1,16,14,13,11,8,5,201.129513,93.514215,45.162698,7.466452,0.746855,0.103846,0.074476,0.041958,0.579236,0.088112,1
1,59,59,58,57,54,46,12.724804,2.423919,0.571242,0.060212,0.004632,0,0,0,0.548012,0.098809,1
1,8,8,7,7,6,6,46.118586,10.185343,2.211984,0.344313,0.04189,0.011239,0,0,0.435035,0.098083,0
1,16,15,15,12,11,8,173.137429,76.572323,28.766118,2.536235,0.020797,0.001981,0.00099,0.00099,0.537942,0.098043,0
1,7,7,7,7,7,4,38.597451,19.369536,6.920093,0.368827,0,0,0,0,0.571082,0.111056,0
1,45,44,43,42,39,30,29.85053,8.528505,2.111936,0.04876,0,0,0,0,0.503121,0.131044,1
1,13,13,11,10,10,8,4.652879,0.86456,0.028768,0,0,0,0,0,0.521034,0.122643,1
1,10,9,9,9,9,6,75.361889,16.558719,2.394725,0.081551,0.003838,0.003838,0.003838,0.001919,0.536065,0.110334,0
1,20,19,18,16,16,14,12.111622,4.329571,0.381884,0,0,0,0,0,0.538412,0.116428,0
1,29,28,27,27,25,21,6.957107,2.244822,0.099804,0.018425,0,0,0,0,0.559267,0.092127,0
0,1,1,1,1,1,1,100.547233,16.606623,4.659493,0.008203,0,0,0,0,0.488253,0.122025,0
1,65,64,64,61,59,51,19.022457,5.645998,2.653512,0.627333,0.148781,0.010737,0.001534,0,0.496338,0.115037,1
1,19,19,16,16,15,11,16.862198,3.681121,0.216653,0.019876,0.003975,0.003975,0.003975,0.003975,0.555834,0.086463,1
1,102,100,100,98,97,89,22.991284,8.276677,3.183456,0.713267,0.253194,0,0,0,0.535731,0.092632,1
1,48,48,48,45,44,37,57.996712,33.44491,18.062236,7.247845,2.499684,0.50707,0.058926,0,0.548973,0.088388,0
1,28,28,27,24,21,14,30.105537,9.958833,2.742626,0.433713,0.019493,0,0,0,0.563715,0.081869,0
1,85,83,79,72,66,43,63.055363,31.225615,9.893234,1.898702,0.352789,0.105988,0,0,0.55884,0.089333,1
0,45,45,45,41,34,29,23.735891,12.657097,0.636536,0.038346,0.006135,0.001534,0.001534,0.001534,0.496679,0.107368,1
1,36,36,31,23,17,12,136.329738,18.094338,10.59731,3.590284,2.15805,0.019396,0,0,0.550368,0.130667,1
0,6,5,4,3,3,3,46.986497,8.003728,2.283167,0.011128,0,0,0,0,0.526457,0.110264,1
1,19,15,14,13,12,9,110.744848,61.295658,13.508504,1.534707,0.073311,0.005788,0.001929,0.000965,0.474601,0.090674,1
1,126,114,98,75,62,40,22.74796,11.102763,3.432302,1.642891,0.796506,0.592314,0.483203,0.324214,0.537198,0.149637,1
0,8,8,8,6,5,3,168.58819,23.991799,9.644465,1.025477,0.084072,0.001038,0.001038,0,0.510727,0.097566,1
1,77,74,72,69,64,51,39.947551,18.662912,6.914089,2.175708,0.419601,0.107231,0.023311,0.006216,0.5458,0.099461,1
1,11,11,11,11,11,5,88.00506,18.524365,5.652437,0.408434,0.009377,0,0,0,0.528595,0.084396,0
1,53,53,50,43,41,30,44.194037,27.205386,4.637493,1.260828,0.178127,0.004647,0,0,0.534237,0.13011,0
1,87,80,69,57,44,27,127.089284,38.178887,14.890506,3.147662,0.818002,0.029802,0,0,0.529809,0.155174,1
1,89,82,75,63,50,26,101.760123,44.161169,14.393255,6.712149,3.332214,1.888116,1.076849,0.570585,0.51934,0.113079,1
1,81,75,71,65,56,36,41.307004,14.214566,4.777503,0.680928,0.114798,0.023589,0.00629,0.003145,0.547837,0.114798,1
1,56,55,54,47,41,33,29.159588,16.327624,1.874695,0.132522,0.006464,0,0,0,0.578482,0.11636,1
1,90,77,64,49,39,24,157.894855,56.086928,29.962578,8.318595,2.698852,1.183159,0.646307,0.18034,0.511747,0.118837,1
1,5,5,5,4,4,2,98.774489,21.926632,8.743269,0.361858,0.005868,0.001956,0.000978,0.000978,0.515585,0.096821,0
1,39,39,37,36,33,27,15.432984,7.213987,1.306825,0.262921,0.059118,0,0,0,0.517661,0.121348,0
1,12,12,11,10,9,9,149.40152,25.546812,10.556415,0.35611,0.007163,0,0,0,0.542723,0.11154,1
1,10,10,10,10,9,8,120.601157,19.607395,10.384533,1.798274,0,0,0,0,0.544748,0.106276,0
1,75,74,71,66,61,48,31.127971,18.109875,3.208707,0.29781,0.013745,0,0,0,0.482665,0.116069,0
1,16,15,15,13,12,10,59.500417,31.195858,9.554155,0.330821,0.022248,0.001935,0.001935,0,0.545573,0.108339,0
1,17,17,16,14,11,9,76.409962,22.4424,12.292453,1.891225,0.073248,0.001017,0,0,0.540231,0.110889,1
1,47,40,34,25,18,11,92.151868,53.718054,27.24747,4.764972,0.804596,0.155993,0.049261,0.023604,0.522945,0.103653,1
1,3,3,3,2,2,2,5.145048,1.373743,0.073061,0.004807,0.001923,0.001923,0.001923,0.001923,0.511339,0.127857,1
1,16,16,15,13,12,10,82.30182,42.412705,6.386126,0.423854,0.022462,0.00293,0.001953,0.000977,0.524556,0.122078,0
1,56,56,55,53,49,31,35.972075,15.6309,5.926638,1.727362,0.36679,0,0,0,0.504158,0.089346,1
1,21,20,19,17,15,12,118.890171,42.814846,12.518479,1.217438,0.016478,0.008724,0.005816,0.005816,0.500901,0.106623,0
1,9,9,9,9,9,6,109.594258,71.293531,18.157205,0.806779,0.020767,0,0,0,0.585219,0.089296,0
1,78,77,75,71,56,36,9.980567,2.147835,0.821048,0.497936,0.188872,0.159215,0.109265,0.071803,0.575965,0.109265,1
1,14,13,12,10,10,7,12.890678,5.15814,0.281891,0.172872,0.137052,0.118363,0,0,0.533128,0.091887,0
1,15,15,15,13,11,8,119.14473,41.500293,12.314803,0.78053,0.003947,0.003947,0.003947,0.003947,0.499493,0.113478,0
1,41,39,35,32,25,19,131.124105,49.076656,32.095263,23.236782,19.666215,0.172654,0.008173,0.002043,0.516065,0.098076,1
1,66,66,58,49,45,30,16.997662,7.225445,2.957103,1.712485,1.22342,0.958446,0.75101,0.342194,0.513925,0.154442,1
1,52,52,49,45,39,24,33.363123,14.744951,4.240902,0.960056,0.142987,0.114704,0.078564,0,0.52953,0.119418,1
1,28,26,22,17,13,11,138.630709,69.677656,22.844942,2.438363,0.102125,0.005836,0.005836,0.005836,0.47998,0.094344,1
1,12,12,12,11,11,6,13.369545,2.612404,0.456656,0.101822,0.006171,0.003086,0,0,0.578226,0.098737,1
1,22,22,21,21,17,13,240.040363,51.501265,26.038573,1.913008,0.05311,0.006248,0,0,0.544641,0.131213,1
1,81,77,75,68,59,43,46.139114,18.836231,6.451877,0.92695,0.150151,0.049029,0.016854,0.010725,0.492437,0.124104,1
1,48,47,46,44,44,34,35.941186,21.921019,0.16601,0,0,0,0,0,0.525926,0.102988,1
1,52,52,50,46,45,36,26.32368,13.212722,2.773472,0.326559,0.047085,0.02734,0.010632,0.004557,0.500931,0.145812,0
1,76,67,64,59,58,42,9.698962,0.794227,0.175821,0.050018,0.001516,0.001516,0,0,0.503358,0.101552,1
1,49,49,48,47,41,31,23.697108,9.319017,3.205968,0.3508,0.003146,0,0,0,0.580233,0.094386,1
1,48,47,47,45,44,35,11.077994,5.557943,0.475919,0.027282,0,0,0,0,0.504625,0.10155,0
1,8,8,7,7,6,4,120.881753,52.934659,8.51255,0.466805,0.007862,0.004914,0.004914,0.004914,0.536556,0.110068,0
1,44,44,43,39,38,32,38.35284,24.203204,10.530105,2.223845,0.41485,0.137255,0.004627,0,0.536863,0.092532,0
1,44,44,44,44,42,29,25.281979,12.051879,1.637867,0.18539,0,0,0,0,0.500516,0.144022,0
0,27,26,26,24,24,22,3.123255,0.950357,0,0,0,0,0,0,0.52396,0.123166,0
1,50,49,49,46,41,29,62.496595,32.082323,10.936554,1.937493,0.085661,0,0,0,0.545114,0.084103,0
1,12,11,10,10,6,5,36.46016,20.604073,0.878118,0,0,0,0,0,0.508996,0.127779,0
1,137,117,107,94,82,54,57.818781,17.03802,8.985278,4.493409,2.128214,0.94023,0.655545,0.39702,0.535003,0.124646,1
1,9,7,7,7,6,5,116.423002,37.52263,12.296202,1.859262,0.51884,0.297645,0.142706,0.003058,0.567837,0.085624,1
1,60,59,59,59,59,53,18.05066,10.060086,0.573405,0,0,0,0,0,0.513586,0.098916,1
1,60,54,43,32,22,11,148.626224,33.828855,14.90843,3.779371,2.191994,1.041172,0.36277,0.06661,0.509626,0.139369,1
1,20,20,19,19,13,13,174.357817,12.881974,7.297039,2.112916,0.051882,0.007121,0.004069,0.004069,0.482279,0.087487,0
1,151,131,120,105,84,57,45.003816,21.600797,13.209197,5.526918,3.618145,1.756558,0.715409,0.136993,0.502597,0.114161,1
1,14,13,11,9,8,7,4.563913,0.811636,0,0,0,0,0,0,0.541518,0.107603,1
1,81,74,68,63,49,35,21.601638,10.014275,0.453049,0.083374,0,0,0,0,0.518083,0.12742,1
1,22,16,13,11,9,7,78.342678,17.815759,3.954982,0.684634,0.1355,0.03362,0.019357,0.015282,0.490538,0.102899,1
1,48,44,43,40,38,27,61.603345,29.291081,6.174123,0.747636,0.044429,0.001532,0,0,0.487047,0.136352,1
1,35,34,32,27,23,16,127.52255,52.804797,31.100562,6.027092,1.171908,0.302551,0.042127,0.017234,0.471936,0.116808,0
0,69,68,66,61,59,45,8.488283,1.71537,0.178684,0.001554,0,0,0,0,0.492653,0.121195,1
1,15,15,13,12,10,7,37.273127,14.510196,3.555731,0.472925,0.015634,0.005863,0.003908,0.003908,0.5186,0.096735,1
1,69,66,64,60,55,41,56.383175,25.20587,15.568604,3.098299,0.186607,0.049351,0,0,0.497818,0.087906,0
1,14,14,14,13,10,9,110.695427,44.602568,7.192933,0.164669,0,0,0,0,0.5606,0.101889,0
1,44,44,42,32,23,17,172.452792,35.357483,17.933027,5.71094,1.640322,0.574062,0.180098,0.113584,0.52891,0.121771,1
1,64,63,62,57,55,29,36.206197,7.875242,3.117922,0.173133,0,0,0,0,0.568353,0.087332,0
1,48,45,41,39,36,26,59.436927,18.802328,8.479512,1.287069,0.094251,0.001545,0.001545,0,0.489043,0.103522,1
1,17,17,17,15,15,8,134.989399,48.022251,24.952301,3.784088,0.014539,0,0,0,0.523738,0.118253,0
1,48,47,47,45,44,31,16.554713,5.179518,1.447531,0,0,0,0,0,0.486102,0.127589,1
1,15,13,13,12,9,6,39.305552,15.394691,7.490443,0.11809,0.001952,0,0,0,0.577617,0.096619,0
1,20,20,19,19,17,13,188.610073,83.884404,31.471749,4.185967,0.083538,0.002013,0.002013,0.001006,0.507012,0.086558,0
1,41,39,39,38,36,25,32.011792,13.384899,1.033285,0.078653,0.009253,0,0,0,0.534208,0.128004,0
1,57,54,52,52,48,39,44.10434,25.885262,11.161831,2.23482,0.154919,0.024542,0.001534,0,0.516035,0.115039,0
1,35,34,33,32,27,18,62.703952,34.133081,5.836676,0.972262,0.083736,0,0,0,0.489035,0.116299,1
1,57,57,56,55,55,37,11.14365,1.081406,0.118469,0,0,0,0,0,0.520081,0.113912,1
1,22,20,20,19,17,13,166.947109,107.806318,43.27633,6.997411,0.814788,0.063067,0.002034,0.001017,0.475679,0.123083,1
1,16,15,15,14,12,10,181.367457,87.861083,34.613984,3.296295,0.003851,0.003851,0.003851,0.003851,0.529417,0.107823,0
1,53,45,44,35,30,18,56.888723,31.72334,11.462819,4.446227,2.995735,2.079475,1.392029,0.398155,0.516385,0.096767,1
1,12,12,11,9,8,6,42.254569,9.416869,1.866596,0.026965,0,0,0,0,0.542699,0.121843,0
1,7,7,7,7,7,6,87.92905,35.215324,17.197673,1.776271,0.061394,0,0,0,0.494013,0.123829,1
1,58,56,51,47,41,27,14.646636,7.067934,1.03841,0.530709,0.148782,0.113504,0.070557,0.049083,0.526053,0.115038,1
1,5,5,5,4,4,3,248.681883,24.802816,13.222882,0.484954,0.052867,0,0,0,0.534862,0.110818,1
1,35,35,35,33,30,24,34.068953,20.251396,5.291538,0.326808,0.067194,0,0,0,0.536133,0.131334,0
1,38,38,37,36,36,27,45.617533,22.303813,3.135864,0.471394,0.043705,0,0,0,0.54268,0.096776,0
1,22,22,22,17,14,10,160.092663,56.331519,24.550154,3.135309,0.136362,0.045454,0.00202,0,0.514302,0.107069,0
1,72,70,70,67,63,54,54.5364,34.240861,12.919741,2.131789,0.041926,0,0,0,0.550484,0.09514,0
1,39,37,37,34,32,24,65.545948,41.339872,11.255333,0.740667,0.054691,0,0,0,0.468615,0.109381,0
1,71,71,70,69,63,45,48.461622,20.704187,4.923135,0.659769,0,0,0,0,0.555501,0.102107,0
1,61,52,47,39,33,22,156.914162,78.247419,52.733117,14.090724,1.733747,0.474764,0.284254,0.197566,0.47784,0.124991,1
1,45,45,44,40,38,29,20.348368,10.920244,0.072174,0,0,0,0,0,0.489307,0.119244,1
1,67,67,63,58,50,39,61.995063,28.14983,8.635364,1.404855,0,0,0,0,0.532484,0.124049,0
1,41,41,41,40,37,20,29.521743,12.074276,2.560276,0.215667,0.044674,0,0,0,0.527218,0.087807,0
0,30,29,29,27,26,22,10.644577,4.290741,0.23596,0,0,0,0,0,0.542096,0.130399,1
1,41,41,41,40,36,25,64.172558,34.18058,7.107278,0.470853,0.049079,0,0,0,0.513232,0.116563,1
1,55,55,54,54,52,42,15.792575,4.394227,0.382578,0.009293,0,0,0,0,0.508011,0.086738,0
1,54,53,53,50,40,27,102.700984,72.232505,31.005396,1.716886,0.056189,0.012486,0,0,0.554264,0.101452,0
1,49,47,46,44,43,37,44.458331,15.119368,5.057838,0.194287,0,0,0,0,0.502472,0.082811,1
1,77,72,71,65,56,45,17.806279,8.705123,3.922389,0.010622,0,0,0,0,0.508897,0.110768,1
1,46,46,44,40,33,24,72.12952,33.8677,16.518211,8.237633,3.590449,1.536792,0.136501,0.047545,0.537377,0.104293,0
1,72,71,71,68,58,43,54.611185,27.765696,12.301626,7.571765,6.620885,0.940144,0,0,0.484263,0.107357,0
1,62,59,55,51,41,26,32.349761,11.285372,3.56453,1.346498,0.116819,0.039965,0.001537,0.001537,0.529271,0.129116,1
1,61,57,56,52,47,37,11.42026,5.096388,0.091673,0.009323,0,0,0,0,0.523667,0.105657,1
1,65,64,63,60,55,40,52.339677,26.400184,5.894087,0.673435,0.016836,0.001531,0,0,0.536685,0.099485,1
1,63,63,63,59,57,48,13.558211,5.366467,0.604079,0.051511,0,0,0,0,0.552941,0.112387,1
1,12,11,10,9,8,4,48.767678,24.28303,8.789973,0.03631,0,0,0,0,0.55137,0.08982,1
1,68,61,50,43,34,19,75.082758,32.006015,17.707221,11.009241,8.310988,3.766077,1.102666,0.371996,0.487558,0.106577,1
1,50,50,49,45,41,29,73.372591,44.243543,14.459508,6.870367,3.106912,1.239964,0.158691,0.093347,0.478344,0.108905,0
1,41,41,41,39,37,33,7.538434,3.514169,0.408077,0.012556,0.003139,0.003139,0.003139,0,0.53843,0.125562,0
1,46,46,44,39,34,21,21.316831,7.365466,3.623236,0.764312,0.515644,0.459197,0.382919,0.3341,0.557705,0.085432,1
1,8,7,6,5,3,2,31.601244,14.263999,1.119798,0.029958,0,0,0,0,0.52185,0.119831,1
1,39,31,26,18,15,9,77.675799,40.282858,11.692692,5.457218,3.843096,2.142037,0.992983,0.292239,0.546952,0.11103,1
1,105,97,88,77,66,43,20.800481,5.016614,1.363411,0.216976,0.009233,0.001539,0.001539,0.001539,0.555425,0.112335,1
1,50,47,45,44,37,25,93.843603,55.033417,15.049843,1.388255,0.051812,0,0,0,0.504487,0.103624,1
0,18,18,17,16,13,9,45.584834,13.676211,1.94219,0.067563,0.009516,0.006661,0.006661,0.00571,0.545007,0.106578,0
1,60,59,58,56,54,34,14.64489,6.096383,0.706335,0.018507,0,0,0,0,0.51213,0.129546,1
1,22,22,21,18,13,10,44.249119,19.370084,3.593958,0.129914,0.035702,0.000992,0.000992,0.000992,0.503204,0.091237,0
1,71,68,68,66,63,53,21.057006,5.89793,2.220453,0.138084,0,0,0,0,0.573077,0.09523,1
1,20,20,19,18,17,13,260.623387,23.27079,12.244535,2.931486,0.5793,0.073056,0.01029,0.002058,0.507941,0.101866,1
0,53,51,51,50,46,38,13.222005,4.772918,2.385696,0.735234,0.041185,0,0,0,0.514705,0.135759,1
1,19,19,19,17,16,10,87.42015,30.421513,10.420477,2.100776,0.041211,0.011775,0.00785,0.00785,0.575847,0.074572,0
1,67,67,66,63,59,41,24.097003,8.620301,2.434486,0.950377,0.091236,0,0,0,0.469199,0.097319,1
1,29,28,27,27,25,16,7.543326,2.145502,0.349761,0,0,0,0,0,0.507455,0.134756,1
1,44,43,43,42,34,25,29.329483,13.679697,1.502954,0.010936,0,0,0,0,0.547384,0.118737,0
1,22,20,18,15,12,9,122.648415,78.995768,43.289073,2.526427,0.049578,0.00723,0,0,0.506159,0.122913,1
1,33,33,31,31,26,21,111.424802,49.532363,17.260625,1.964528,0.041132,0.003917,0.003917,0.003917,0.549137,0.094995,0
1,20,20,20,19,17,12,76.019628,8.572461,2.603775,0.31935,0.00102,0,0,0,0.499038,0.113252,0
1,52,51,51,47,42,33,67.901042,41.540922,24.251249,6.72078,1.535258,0.243862,0.033742,0.006135,0.488149,0.1319,0
1,12,10,9,8,8,6,189.471852,31.558679,15.718927,1.752501,0,0,0,0,0.491235,0.119775,1
1,24,24,23,21,20,17,8.917154,3.321598,0.592543,0.294744,0.142027,0.083994,0.05956,0.035125,0.565303,0.099266,1
1,9,9,9,7,6,6,60.499827,30.109613,6.259619,0.24095,0.005083,0.001017,0,0,0.558635,0.138267,1
1,25,25,23,21,18,14,54.625981,29.248043,5.484677,0.16243,0.011672,0,0,0,0.517036,0.101154,0
1,16,16,16,15,11,8,46.689999,4.68923,0.924677,0.041987,0,0,0,0,0.555134,0.083021,0
1,57,54,50,47,47,35,24.130569,13.07066,1.22407,0.174646,0.04173,0.010819,0.009273,0.007728,0.545656,0.095824,1
1,80,76,75,73,70,53,24.456541,7.513072,1.89681,0.123088,0,0,0,0,0.490539,0.094683,1
1,8,8,8,7,7,6,114.22329,7.149179,2.453498,0.217411,0.004064,0,0,0,0.569023,0.09753,0
1,4,4,4,2,2,2,36.778066,8.556382,0.824441,0.01467,0.005868,0.005868,0.005868,0.005868,0.554725,0.094864,1
1,17,15,14,13,10,5,55.232156,3.34728,1.10389,0.012209,0,0,0,0,0.492356,0.11802,1
1,65,65,64,63,59,47,40.636744,20.051227,1.139204,0.059877,0,0,0,0,0.541392,0.09519,0
1,71,70,70,69,67,64,9.952095,4.805316,0.239024,0.017073,0,0,0,0,0.559897,0.083814,1
1,58,58,56,53,49,39,55.49333,25.366013,5.575429,0.242206,0.007813,0,0,0,0.481104,0.114071,1
1,13,13,12,12,11,6,29.245498,14.740039,0.668166,0.017305,0.000961,0,0,0,0.496614,0.099985,0
1,40,39,39,39,37,32,7.783682,2.669176,0.001544,0,0,0,0,0,0.572946,0.148202,0
1,53,45,40,32,28,13,182.146473,94.791874,49.985427,17.139005,7.394142,3.559458,1.852643,0.688066,0.558753,0.098589,1
1,19,18,17,12,11,8,10.326223,2.15142,0.157132,0.014824,0.003953,0.003953,0.003953,0.003953,0.513215,0.113649,0
1,18,18,18,15,13,8,232.089075,86.019214,38.672474,5.094865,0,0,0,0,0.533204,0.10642,1
1,37,36,31,28,26,19,104.319698,24.83296,9.259328,1.932381,0.477934,0.299354,0.185806,0.148645,0.518568,0.102193,1
1,15,14,12,10,9,8,152.214876,38.938289,21.050379,3.410646,0,0,0,0,0.510366,0.175243,0
1,48,47,46,44,41,28,54.523039,24.530571,10.933078,1.533354,0.064986,0.001547,0,0,0.568326,0.133066,0
1,40,40,39,37,31,21,68.518487,44.902329,20.277764,0.980222,0.017224,0,0,0,0.488498,0.134663,1
1,58,57,57,54,47,33,34.0425,18.938119,6.814341,0.378148,0.013835,0,0,0,0.512012,0.1199,0
1,20,18,18,18,14,9,215.301777,74.02765,35.564813,6.803703,0.536596,0.071683,0.008192,0.003072,0.541905,0.108548,1
1,24,24,24,24,23,14,53.477413,13.113306,3.147481,0.286321,0.036945,0.005131,0,0,0.535365,0.10365,0
1,60,59,57,54,48,32,71.853392,35.94111,8.96707,1.019606,0.056139,0,0,0,0.483102,0.098623,0
1,15,15,15,15,14,6,94.487226,37.233475,12.033655,1.685215,0.174232,0.010648,0,0,0.486425,0.100668,0
1,61,59,58,56,53,42,52.85674,26.705207,6.116492,0.338953,0,0,0,0,0.483067,0.092023,0
1,8,8,7,7,7,4,17.995589,0.723297,0.118323,0.013359,0.003817,0.003817,0.003817,0.003817,0.515668,0.094468,1
1,60,59,57,55,49,33,50.2553,35.387606,13.522807,4.267279,1.945694,0.37435,0.041594,0,0.523895,0.132486,0
1,13,13,13,13,12,9,84.236507,28.014379,9.850201,0.773484,0.015626,0.001953,0,0,0.515235,0.109382,0
1,11,11,10,9,8,7,105.038461,29.351481,13.240656,2.422403,0.006799,0.003885,0.003885,0.003885,0.512578,0.096158,0
1,21,20,16,13,11,6,162.739596,29.935661,14.611971,2.293433,0.174826,0.025862,0.001034,0,0.497276,0.130344,1
1,64,58,56,51,47,32,40.989728,17.845018,4.112388,0.724718,0.057052,0,0,0,0.549593,0.092517,1
1,54,54,53,49,46,33,82.549069,45.667887,29.856414,3.206726,0.049028,0,0,0,0.479593,0.124102,0
1,91,81,70,58,46,29,19.120385,5.382893,3.159592,1.460802,0.638807,0.230159,0.140913,0.057931,0.561756,0.219199,1
1,44,41,37,34,28,20,105.589735,22.571454,6.860981,1.310235,0.17909,0.05558,0.034995,0.025731,0.571479,0.086457,1
1,16,14,14,12,9,8,38.413333,17.045113,4.031629,0.074587,0.010795,0.001963,0,0,0.540083,0.102067,1
1,21,20,17,17,14,8,8.374425,0.65219,0.33043,0.174367,0.012524,0.00289,0.00289,0.00289,0.492307,0.083812,1
0,29,29,28,24,23,19,7.510261,2.938598,0.376508,0,0,0,0,0,0.508464,0.128564,1
1,20,20,18,17,16,9,210.665328,49.965791,28.655837,5.885352,0.536248,0.207912,0.159536,0.113219,0.50263,0.093663,1
1,39,39,39,38,37,28,65.857616,39.572196,6.997712,0.937597,0.256983,0.082546,0,0,0.546121,0.101236,0
1,44,44,42,39,38,30,13.803221,4.710067,0.18996,0,0,0,0,0,0.547516,0.088752,0
1,72,71,69,64,62,46,29.724271,11.809347,4.419873,0.8868,0.144399,0.026682,0.00157,0,0.541977,0.102021,0
1,72,70,62,56,43,32,44.070624,13.774396,7.155946,3.762479,2.750538,0.207763,0.078557,0.01137,0.53077,0.088894,1
1,71,70,68,61,56,46,26.335311,13.482452,3.972127,0.474567,0.015819,0,0,0,0.547224,0.105987,1
1,19,17,16,16,12,8,64.715442,22.000519,4.705273,0.366479,0.00393,0.00393,0.00393,0.00393,0.517964,0.090392,1
1,10,10,9,9,7,4,17.352251,7.623593,0.454547,0.034891,0,0,0,0,0.497735,0.098857,0
1,66,65,65,63,62,44,43.717617,20.531001,12.606595,2.914811,0.095493,0.001516,0,0,0.499204,0.115198,0
1,19,19,17,17,13,10,130.597124,46.964584,28.660595,7.33847,1.467897,0.305981,0.00305,0,0.539752,0.097589,0
1,25,25,24,22,20,18,11.996646,6.396691,0.170295,0.003041,0,0,0,0,0.480592,0.135323,0
1,50,50,49,49,48,39,20.601354,11.965448,1.695515,0.016909,0,0,0,0,0.537795,0.127586,0
0,7,7,7,5,5,4,29.345362,11.574486,0.395883,0,0,0,0,0,0.565168,0.085707,1
1,51,50,46,44,39,28,47.453069,12.948188,6.436351,1.930289,0.599268,0.040054,0.012324,0,0.488825,0.11554,1
1,14,14,14,13,11,6,21.240157,10.397308,0.687173,0.013254,0,0,0,0,0.521676,0.080544,1
1,49,43,38,33,27,16,129.531941,21.298894,6.699162,0.426639,0.097104,0.033057,0.015495,0.011363,0.57331,0.097104,1
1,65,61,49,37,31,16,129.53744,24.884932,8.082285,1.173895,0.121684,0.046015,0.020451,0.010226,0.545238,0.09612,1
1,2,2,2,2,2,2,99.75866,38.818198,17.832517,4.718721,0.590341,0.067153,0,0,0.544725,0.104237,0
1,46,44,44,41,38,28,143.889246,59.615396,24.835485,6.031329,1.200331,0.461508,0.248662,0.194427,0.530957,0.103353,1
1,66,64,63,62,56,42,39.164755,9.526313,3.345879,0.245682,0.004607,0.001536,0,0,0.481664,0.079847,1
1,31,31,30,29,25,19,151.929514,45.04287,22.530108,5.77716,0.830556,0.122441,0.002041,0,0.516652,0.108156,0
1,96,86,82,71,59,42,30.683894,13.963673,6.040687,3.787403,2.265448,1.900543,1.601018,1.339503,0.499707,0.101869,1
0,49,47,46,41,34,22,151.742425,72.263727,39.77549,8.511975,0.772705,0.064138,0.013235,0.00509,0.497997,0.126239,1
0,81,73,68,63,54,43,18.018384,7.997996,1.856317,1.336362,0.642571,0.558758,0.426829,0.237472,0.493545,0.103991,1
1,13,12,11,10,9,6,175.634291,10.237137,3.939558,0.447932,0.023468,0.007142,0.002041,0.002041,0.508804,0.101014,1
1,102,90,74,57,42,24,113.300364,55.153629,30.234191,9.321769,3.882864,1.694679,1.168066,0.518336,0.483435,0.123118,1
1,62,61,61,61,60,56,7.764752,2.02986,0.15508,0,0,0,0,0,0.484182,0.098269,0
1,58,47,43,30,22,16,116.663054,48.471998,24.461409,9.198188,5.534111,0.48779,0.151985,0.0267,0.544318,0.096531,1
1,21,20,17,16,12,8,34.886057,12.231702,3.723976,0.748256,0.135399,0.061082,0,0,0.555413,0.097731,0
1,52,52,52,48,47,34,18.448076,8.400367,0.617561,0.020071,0,0,0,0,0.510618,0.088002,0
1,40,36,30,26,20,13,28.421534,11.601307,2.904117,1.044188,0.341661,0.171841,0.078845,0.007076,0.472958,0.095018,1
0,35,35,35,35,30,26,34.962225,22.129896,2.140513,0.68177,0.012284,0,0,0,0.516941,0.098273,1
1,41,41,41,39,38,30,19.668175,6.11697,1.426524,0.252373,0.010772,0.001539,0,0,0.50182,0.115415,0
1,53,52,52,52,51,41,12.85432,4.651514,0.833836,0.001576,0,0,0,0,0.545232,0.107185,0
1,26,26,26,25,23,12,60.86373,31.334414,8.615861,2.649828,0.603659,0.376307,0.097997,0.065658,0.545879,0.117596,1
0,69,67,62,54,49,36,12.144417,4.758572,0.373131,0.053743,0,0,0,0,0.527866,0.099809,1
1,21,21,21,20,18,16,54.024017,19.422829,8.21246,1.589508,0.003853,0.003853,0.001927,0.000963,0.418117,0.120417,0
1,22,21,20,19,15,12,59.628898,28.975956,11.511156,1.105663,0.142101,0.01168,0.003893,0.003893,0.555043,0.081757,1
0,91,90,86,76,68,48,6.348365,0.882015,0.269037,0,0,0,0,0,0.495467,0.123818,1
1,38,38,38,35,33,26,14.20962,5.807533,0.370426,0.003139,0,0,0,0,0.518991,0.138125,1
1,19,17,16,15,10,6,27.013234,9.422,0.773448,0.027729,0,0,0,0,0.539403,0.098043,1
1,19,19,17,17,14,9,97.439931,44.077855,15.029826,1.765179,0.135227,0.005161,0,0,0.524162,0.093936,1
0,63,61,59,56,50,29,34.052857,14.37599,5.018964,2.007278,0.178699,0.050837,0.016946,0.007703,0.528231,0.15251,1
1,15,15,14,13,12,11,35.933865,13.703305,2.400188,0.307743,0.017497,0,0,0,0.515003,0.119392,0
1,19,19,18,16,14,8,67.000639,13.783533,5.318499,1.299765,0.185681,0.025092,0,0,0.554494,0.101372,1
1,73,71,70,69,65,51,39.332345,9.967807,3.261342,0.470356,0,0,0,0,0.518934,0.080988,0
1,5,4,4,4,3,3,81.52601,21.644911,9.326421,1.330601,0.240261,0.014253,0,0,0.485557,0.102824,1
1,45,45,44,44,37,27,17.444345,5.704043,1.056079,0.140201,0,0,0,0,0.540019,0.109722,0
0,19,19,17,14,8,8,137.030933,15.034527,4.659757,0.567083,0.184118,0.093637,0.016834,0.008417,0.548436,0.095741,1
1,86,85,84,83,81,64,42.682998,26.767597,5.777993,1.231633,0.053413,0,0,0,0.501021,0.106825,0
1,41,41,40,37,35,28,7.740693,2.386675,0.157655,0,0,0,0,0,0.518948,0.093656,1
1,36,35,32,29,27,21,3.203759,0.024433,0.001527,0,0,0,0,0,0.545851,0.102313,1
1,8,8,8,7,6,5,46.633368,25.693508,9.418011,0.070812,0,0,0,0,0.516953,0.172412,0
1,13,13,12,11,11,3,48.546062,27.189621,1.059144,0.075935,0,0,0,0,0.493149,0.142994,1
1,24,24,24,21,17,14,61.474413,31.674601,13.543525,0.830872,0.099421,0.025362,0.02029,0.014203,0.477519,0.120725,0
1,51,43,42,36,29,21,29.584628,9.536418,1.358037,0.516803,0.143499,0.053032,0.032235,0.021837,0.577148,0.123742,1
1,59,59,58,58,50,34,43.432426,16.415454,5.92763,1.854915,0.163532,0.004672,0,0,0.540783,0.126153,0
1,70,68,64,63,58,38,66.751648,32.166708,14.077515,3.378666,0.558174,0.063925,0.007796,0,0.50605,0.101344,1
1,22,22,19,17,15,11,5.468078,2.519937,0.155571,0,0,0,0,0,0.546808,0.174054,1
1,14,13,13,12,12,11,129.327096,23.086576,9.636509,2.405554,0.337962,0.106187,0.006126,0.002042,0.512809,0.116398,0
1,43,42,40,39,37,30,50.599604,34.195499,14.05579,1.45704,0.201506,0,0,0,0.541021,0.111603,0
1,29,27,26,25,24,17,12.892454,4.391866,0.586516,0.090233,0.003111,0.003111,0,0,0.56742,0.136906,0
1,24,24,22,21,20,16,61.786898,21.00628,5.848127,0.476479,0.02205,0.006711,0.006711,0.005752,0.479665,0.075738,0
1,24,23,23,21,19,16,109.591553,44.162829,22.708886,6.029095,1.63296,0.312776,0.028783,0.015351,0.52206,0.097862,0
1,14,14,13,12,10,7,105.364729,41.571834,12.39137,0.50003,0.003906,0.003906,0.003906,0.003906,0.498189,0.107428,0
1,114,99,94,84,76,49,31.648833,13.188407,2.217076,0.173352,0.021289,0.013686,0.013686,0.012165,0.520957,0.09732,1
1,98,94,83,75,69,48,22.568542,11.288918,1.048655,0.051116,0,0,0,0,0.526687,0.091389,1
1,25,25,24,22,17,9,98.889715,41.575899,19.154358,3.682002,0.41385,0.077536,0.0126,0.007754,0.521144,0.084321,0
1,55,53,51,48,39,30,63.032637,33.532661,23.04302,3.743636,0.397829,0.046621,0,0,0.533029,0.111889,0
1,12,11,11,10,10,7,13.082938,4.992341,0.178613,0.009814,0.003926,0.003926,0.003926,0.003926,0.513403,0.105009,1
1,30,29,27,22,14,11,133.231946,43.207178,14.784873,1.553071,0.311017,0.027176,0.006039,0,0.552687,0.091594,1
1,14,13,13,9,6,5,0.349274,0,0,0,0,0,0,0,0.567809,0.175413,0
1,16,14,13,12,9,6,68.002805,13.919028,5.614372,1.196826,0.610773,0.306931,0.179215,0.086518,0.518665,0.093727,1
0,52,48,42,28,20,13,66.675091,24.554175,5.354579,2.296426,1.343501,0.80058,0.463171,0.228007,0.519109,0.09611,1
1,48,44,41,37,32,28,9.67831,3.893714,0.006134,0,0,0,0,0,0.50983,0.102749,1
1,48,46,45,41,35,25,16.42589,6.074005,0.440212,0.007669,0,0,0,0,0.515756,0.116572,1
1,141,130,110,84,62,34,88.463524,44.140608,20.072978,8.0165,4.467041,2.521083,1.708253,0.75139,0.524378,0.096694,1
1,66,65,51,42,29,19,208.147846,48.593544,28.071082,6.437186,0.284202,0.112666,0.00203,0,0.518021,0.085261,1
0,18,18,18,17,16,10,5.299129,1.603684,0.198566,0,0,0,0,0,0.52749,0.11823,0
1,3,3,3,3,3,1,68.804317,23.165885,5.083426,0.317255,0.005253,0,0,0,0.558956,0.111354,0
1,19,19,19,18,16,14,66.900142,18.928429,7.771131,1.621016,0.155301,0.018271,0,0,0.494315,0.112669,0
1,43,42,41,36,34,20,67.789719,33.934565,8.865044,1.276689,0.108427,0.024434,0.004581,0.003054,0.470641,0.109954,0
1,34,34,31,30,30,22,72.223315,24.950489,13.005188,2.564989,0.052378,0,0,0,0.528843,0.092432,0
1,48,48,48,47,44,37,36.899066,12.316869,3.899978,0.442008,0.001562,0,0,0,0.535665,0.093712,0
1,19,19,19,18,16,7,112.326062,60.838986,13.94952,0.775524,0.003967,0.000992,0.000992,0.000992,0.497346,0.096197,0
1,46,46,46,45,44,35,55.183468,26.45559,11.233574,5.22241,1.247833,0.34508,0.024649,0.010784,0.492494,0.112459,0
1,17,16,13,13,10,7,66.667356,32.732646,10.231284,1.204027,0.101154,0.042229,0.00491,0.002946,0.556169,0.087405,1
1,92,87,82,74,71,52,29.970704,11.818392,1.909717,0.136958,0.006155,0,0,0,0.544347,0.10772,1
1,8,8,8,8,6,4,265.056535,75.69221,42.083101,5.101627,0,0,0,0,0.491723,0.120623,0
1,64,63,62,60,57,54,36.052177,13.940611,2.904294,0.031145,0,0,0,0,0.552828,0.146383,1
1,44,44,43,40,36,27,41.943178,23.830924,2.840523,0.435798,0.036055,0,0,0,0.563045,0.13795,0
1,64,47,38,32,26,19,110.619574,60.094759,23.128045,4.482978,0.623373,0.207111,0.170382,0.141815,0.493339,0.116308,1
1,69,67,56,45,31,18,21.334586,15.027367,11.275107,9.454719,7.762613,5.174057,1.878421,1.04764,0.559297,0.114538,1
1,100,81,60,45,32,18,71.199165,24.959258,4.367509,0.859064,0.109317,0.024751,0.012375,0.010313,0.520584,0.102098,1
1,23,22,20,19,15,8,193.715914,44.520036,20.093178,3.154603,1.146845,0.609294,0.329601,0.182996,0.568804,0.120611,1
1,20,20,19,18,15,12,40.869053,20.557138,4.771691,0.087234,0.003877,0.003877,0.003877,0.003877,0.481385,0.098865,0
1,44,42,41,40,38,33,13.805965,5.829466,1.086128,0.011035,0,0,0,0,0.517104,0.100889,0
1,52,52,52,52,49,40,77.567631,43.901178,14.709721,2.124275,0.060077,0.009243,0,0,0.520946,0.092427,0
1,16,16,16,15,13,12,4.29988,1.206875,0.080458,0,0,0,0,0,0.505919,0.128424,0
0,75,70,65,54,49,37,18.463202,7.338871,0.775037,0.094366,0.026299,0.013923,0.007735,0.003094,0.514124,0.095913,1
1,11,11,11,11,11,9,62.554128,22.908633,11.262807,1.817784,0.143891,0.001035,0,0,0.571589,0.08385,0
1,50,42,38,32,27,14,111.331612,69.973079,30.775112,4.810738,1.349973,0.550553,0.269182,0.048757,0.5453,0.077199,1
1,11,11,11,11,11,8,31.657567,15.759608,2.239425,0.207526,0,0,0,0,0.52008,0.097052,0
1,6,6,6,6,5,5,67.222908,5.2789,1.201355,0.148482,0.01246,0,0,0,0.562787,0.104872,1
0,25,23,23,21,20,14,10.902544,7.388796,0.204684,0,0,0,0,0,0.556941,0.093038,1
1,34,34,34,32,26,17,18.248935,10.179572,1.431258,0.095209,0,0,0,0,0.569702,0.11706,0
1,20,20,20,19,16,14,8.342012,1.374588,0.129534,0,0,0,0,0,0.530497,0.111247,0
1,51,51,51,50,47,43,17.525446,5.303288,0.653304,0,0,0,0,0,0.565561,0.099917,0
1,20,20,18,17,15,12,143.282037,57.339018,31.520083,5.384203,0.236986,0.045278,0.015414,0.00867,0.513881,0.088629,0
1,30,29,29,23,20,16,10.921282,5.193938,0.418763,0,0,0,0,0,0.498399,0.144895,1
1,20,18,18,16,12,8,119.103903,30.481029,9.006061,0.964972,0.004093,0,0,0,0.492274,0.134052,1
1,13,13,12,12,11,7,101.64826,42.922848,19.415081,3.244811,0.456699,0.127132,0.012713,0.003912,0.520729,0.089971,0
1,16,16,13,10,7,5,147.200333,41.516288,20.137318,5.912307,0.150386,0.01446,0.001928,0.001928,0.47725,0.088689,0
1,10,10,10,10,8,5,46.834688,14.499263,1.650394,0.011712,0.001952,0.001952,0.001952,0.001952,0.540532,0.096623,1
1,15,15,14,14,13,8,35.411478,19.47128,3.980301,0.335253,0.016145,0.00095,0,0,0.481729,0.109218,0
1,70,68,64,63,58,38,66.751648,32.166708,14.077515,3.378666,0.558174,0.063925,0.007796,0,0.50605,0.101344,1
1,24,23,20,18,16,12,128.776696,61.29622,42.974037,9.673157,1.462451,0.296022,0.003116,0,0.485478,0.104906,1
1,26,26,25,24,20,16,14.119144,3.856526,0.668035,0.022983,0,0,0,0,0.550185,0.122575,1
0,19,17,16,11,8,4,156.480074,20.287425,8.870512,1.772876,0.590618,0.311658,0.144078,0.066419,0.478611,0.116489,1
1,28,27,23,18,15,13,227.312144,125.420352,85.675383,15.222959,0.92185,0.036794,0.002983,0.002983,0.490459,0.093478,1
1,9,9,9,9,7,5,42.862492,15.801702,2.877749,0.462347,0.014513,0,0,0,0.51906,0.109885,0
1,7,6,5,5,4,4,39.54425,16.924232,1.262382,0.184942,0.042599,0.039482,0.021819,0.02078,0.551708,0.110134,1
1,7,7,7,7,7,6,219.122118,35.270515,14.559888,2.72422,0.089067,0.017404,0.009214,0.00819,0.56565,0.098281,0
1,26,26,26,25,23,19,18.197432,8.463779,0.347027,0.007678,0,0,0,0,0.514848,0.110557,0
1,31,30,30,27,26,25,17.351666,7.234417,0.692609,0.110878,0,0,0,0,0.510996,0.106321,0
0,57,51,49,39,32,23,14.615942,4.640935,0.999657,0.520623,0.275714,0.227965,0.195619,0.041588,0.512218,0.095499,1
1,6,6,6,6,5,4,47.062703,17.400517,2.614538,0.244024,0.01743,0,0,0,0.52922,0.108683,0
1,44,41,40,37,34,22,154.247519,70.969,36.186094,5.449273,0.34058,0.026273,0.007785,0.003892,0.517214,0.081739,1
1,18,17,16,15,10,9,73.076702,24.23646,4.312359,0.142793,0.006893,0.005909,0.005909,0.005909,0.553535,0.087646,0
1,13,13,12,9,7,5,110.729452,41.006988,16.032405,1.468609,0.042136,0,0,0,0.485798,0.108938,0
1,5,5,5,5,3,2,38.096555,16.829725,0.942152,0.120212,0.003909,0.003909,0.003909,0.003909,0.537248,0.099688,0
1,56,53,50,48,44,34,48.811069,23.4443,11.447292,2.439939,0.173514,0,0,0,0.487553,0.087525,0
1,54,53,51,45,43,29,49.958494,25.272318,12.112043,4.203783,1.294784,0.200032,0.020158,0,0.487791,0.12095,0
1,46,42,35,29,24,13,102.089347,52.012674,18.369951,6.071522,2.99429,1.502395,0.932304,0.320217,0.534988,0.116538,1
1,45,42,38,34,26,15,96.779744,42.763946,10.710426,0.520306,0.01152,0.0048,0.00288,0.00288,0.540223,0.090238,1
1,89,86,79,69,59,37,12.236437,6.122027,1.208255,0.748112,0.54242,0,0,0,0.533741,0.103608,1
1,70,66,63,59,53,43,13.180516,3.342555,0.664748,0.058009,0,0,0,0,0.550484,0.119153,1
1,57,54,51,44,41,23,27.522474,7.875176,2.527834,0.42715,0.129101,0.046221,0.036658,0.031877,0.503397,0.132289,1
1,39,30,26,20,19,14,43.192408,3.958947,1.361812,0.033663,0,0,0,0,0.504942,0.11833,1
1,57,57,55,50,42,31,53.436893,30.787959,16.435701,6.679998,2.058713,0.587321,0.075733,0.023184,0.519501,0.105099,0
1,29,29,29,24,22,16,12.990835,7.696095,0.252204,0,0,0,0,0,0.532484,0.099025,0
1,40,37,35,33,27,14,60.43486,8.993919,2.79234,0.544623,0.008144,0,0,0,0.490244,0.107907,1
1,52,51,51,47,44,30,14.720819,2.266045,0.375877,0.007702,0,0,0,0,0.548588,0.100131,0
1,85,80,68,57,38,18,89.448552,35.305937,8.282944,2.305012,1.243096,0.763976,0.39457,0.196278,0.534823,0.101662,1
1,9,9,9,9,7,7,201.455265,21.651282,11.572752,1.409779,0.003089,0,0,0,0.579822,0.091651,0
1,2,2,2,2,2,1,9.066072,1.215436,0.071435,0,0,0,0,0,0.578103,0.132518,0
1,11,10,10,10,7,5,30.710516,2.248737,0.459947,0.002942,0.000981,0.000981,0,0,0.552345,0.104935,0
1,50,50,50,50,47,43,13.294051,2.737373,0.851867,0.064699,0,0,0,0,0.482103,0.100129,1
1,91,79,70,66,57,37,44.589075,21.404577,11.891257,4.496892,2.129941,0.819329,0.040809,0.004709,0.51273,0.100454,1
1,31,28,24,21,18,16,223.013915,70.165127,32.893207,7.614333,0.947343,0.168533,0.080603,0.059667,0.490747,0.105726,1
1,52,50,50,50,49,46,8.205954,3.374966,0.727229,0.039098,0,0,0,0,0.541988,0.08758,1
1,5,5,5,5,5,4,52.611687,6.844414,1.596688,0.001026,0,0,0,0,0.536534,0.101589,0
1,39,39,37,35,28,18,315.233452,162.69521,106.070092,33.2982,0.017591,0.003909,0.003909,0.003909,0.468978,0.07916,0
1,5,4,4,4,4,4,77.651178,2.038849,0.322423,0,0,0,0,0,0.507693,0.106421,1
1,16,15,14,13,10,8,66.447502,30.704366,13.601814,1.533939,0.094144,0.00307,0,0,0.506241,0.101308,1
1,8,8,8,8,8,5,38.343594,10.552277,2.410309,0.514445,0.045091,0.001025,0,0,0.572767,0.093256,0
1,56,56,56,54,49,25,52.972626,21.61127,8.145465,1.110534,0.041819,0,0,0,0.517072,0.128556,0
1,42,36,26,22,16,9,159.743211,27.651985,10.21556,2.912254,1.238687,0.777013,0.526597,0.122632,0.543101,0.114388,1
1,51,51,48,45,42,31,53.790614,29.425803,15.347303,3.480913,0.696815,0.154848,0,0,0.583323,0.102705,0
1,10,10,9,8,6,5,29.326201,7.69584,5.825565,3.333569,2.519605,0.896791,0.131911,0,0.513475,0.093054,1
1,15,15,14,13,11,7,54.572203,26.503484,4.813643,0.436569,0.001035,0,0,0,0.547568,0.10966,0
1,48,48,47,44,41,32,24.40673,10.569442,1.655585,0.151633,0.004642,0,0,0,0.526188,0.117593,0
1,29,28,24,22,19,10,69.53606,15.381034,3.094804,0.447746,0.002021,0,0,0,0.508188,0.110168,1
1,23,23,22,14,9,5,28.872984,11.024912,3.104465,1.083752,0.553848,0.357086,0.142626,0.014575,0.523488,0.09786,1
1,48,46,45,44,40,34,118.278913,72.204356,31.319827,8.608077,1.7858,0.469867,0.003071,0,0.53079,0.098273,0
1,47,44,41,39,34,24,137.877736,24.437388,10.652664,2.66342,0.257193,0.130121,0.001017,0,0.487769,0.11284,1
1,33,33,29,27,25,20,126.323687,32.682982,18.773643,6.328499,1.217902,0.156543,0,0,0.546382,0.108536,0
1,30,30,30,25,24,14,1.259315,0.003098,0.001549,0,0,0,0,0,0.539694,0.123918,0
1,9,9,9,8,7,6,59.255463,22.68194,3.628217,0.127911,0,0,0,0,0.488297,0.087305,0
1,21,20,20,19,15,12,77.682623,46.599175,13.868592,1.32062,0.061352,0,0,0,0.520033,0.128942,1
1,56,50,45,39,31,23,105.170765,55.359483,30.940866,7.775036,2.036927,0.865821,0.471709,0.098018,0.568779,0.106186,1
1,15,15,15,11,9,7,105.937752,14.925467,6.726256,1.45948,0.145119,0.051828,0.03006,0.020731,0.51675,0.104693,0
1,16,16,13,13,11,8,234.001284,50.120899,30.163858,7.717726,0.156663,0.002061,0.002061,0.002061,0.50326,0.122651,1
1,27,26,25,22,16,14,75.744359,21.878147,5.127609,0.747557,0.067385,0.023164,0.014741,0.00737,0.557738,0.114766,1
0,56,51,47,33,28,18,15.213796,7.694015,0.084804,0,0,0,0,0,0.48545,0.135686,1
1,61,56,54,54,49,42,39.299701,19.292104,5.582081,1.32613,0.181957,0.070933,0.033924,0,0.520974,0.100231,1
1,50,49,49,47,44,35,53.988361,31.846747,14.046053,1.869627,0.066168,0.003078,0,0,0.487796,0.124642,0
1,35,33,32,31,31,26,6.193941,1.625616,0.108061,0,0,0,0,0,0.517101,0.08457,1
1,9,9,9,9,6,4,93.2487,35.40649,14.203166,0.885067,0.008611,0.003827,0.003827,0.003827,0.507358,0.111949,0
1,28,27,26,26,25,15,10.176048,3.087604,0.357218,0.020191,0,0,0,0,0.530395,0.136675,1
1,17,17,17,17,17,16,12.559245,6.9647,0.06228,0,0,0,0,0,0.504335,0.145826,0
1,5,5,5,5,4,2,75.073968,17.442174,5.785361,1.049306,0.118503,0.047604,0.00709,0,0.551169,0.102297,0
1,59,59,56,54,53,44,26.723328,14.492224,2.523529,0.075423,0,0,0,0,0.48657,0.081708,1
1,43,42,42,41,37,29,66.538689,31.860046,12.812085,2.557157,0.250611,0.006188,0,0,0.497062,0.120664,0
1,48,48,48,44,39,31,87.734071,48.93537,25.024359,11.174429,3.672318,1.357435,0.215741,0.058266,0.511997,0.102359,0
1,12,12,12,11,8,5,77.349481,20.199116,4.716515,0.263875,0.003909,0.003909,0.003909,0.003909,0.522511,0.089913,0
1,37,37,37,33,29,20,56.663568,34.477986,9.318952,1.174414,0.157301,0.003054,0.003054,0.001527,0.508829,0.106904,0
1,43,41,41,37,30,23,13.584697,4.33122,0.888847,0.010691,0,0,0,0,0.537812,0.091634,1
1,48,46,46,44,43,30,13.613731,4.473371,0.429059,0,0,0,0,0,0.55301,0.100682,1
1,9,9,9,7,6,5,23.399496,5.309282,0.7176,0.054538,0.00287,0.001914,0.001914,0.001914,0.544008,0.09281,0
1,16,15,13,12,11,8,174.865962,48.022909,26.633688,4.173555,0.007006,0.004003,0.004003,0.004003,0.551164,0.099084,1
1,40,40,40,37,34,24,20.465109,9.740879,3.115229,0.114235,0.057118,0.032418,0,0,0.532226,0.100342,0
1,18,18,18,16,13,12,168.18385,91.057609,33.551339,3.910731,0.065341,0.002926,0,0,0.532806,0.096549,0
0,18,17,16,16,14,12,2.794739,0.750919,0.039274,0,0,0,0,0,0.565973,0.127248,1
1,15,15,13,11,8,5,172.065338,29.88842,10.561597,1.352898,0.177798,0.029633,0.008175,0.004087,0.537727,0.077659,1
1,76,73,71,68,63,51,39.947551,18.662912,6.914089,2.175708,0.419601,0.107231,0.023311,0.006216,0.5458,0.099461,1
1,89,83,77,70,60,43,29.528231,7.133284,2.560119,1.022524,0.676603,0.440401,0.385542,0.33373,0.493949,0.109719,1
1,36,36,35,33,31,21,11.10225,5.69315,0.315949,0,0,0,0,0,0.519717,0.110886,1
1,55,55,55,52,48,36,39.61442,11.92643,3.545283,0.356969,0.001526,0,0,0,0.491415,0.122041,0
1,85,75,66,53,43,25,105.699915,38.534753,22.642112,3.289318,0.530698,0.148595,0.006065,0.006065,0.492917,0.097042,1
1,48,48,47,41,39,27,44.163054,26.616681,1.517092,0.047601,0.016891,0.003071,0,0,0.523308,0.112093,0
1,88,86,84,80,74,50,27.343407,11.477247,2.682114,0.360237,0.009439,0,0,0,0.522059,0.100678,0
1,47,47,47,43,39,22,43.506921,14.613012,4.392323,0.681379,0.04054,0,0,0,0.544724,0.124738,0
1,17,16,9,5,5,3,200.994099,18.937444,11.298169,2.657777,0.517314,0.327772,0.108908,0.008378,0.578737,0.087964,1
0,20,20,20,19,17,10,72.678748,25.716725,14.658684,2.235713,0.065284,0.005022,0,0,0.526396,0.084367,0
1,47,45,44,41,37,26,18.311719,10.214183,0.807893,0.010855,0,0,0,0,0.526183,0.108546,1
0,16,15,14,14,12,9,62.799716,30.871443,7.276637,1.75752,0.18966,0.012644,0,0,0.537268,0.122226,0
1,26,26,25,22,19,16,7.578417,1.916966,0.180438,0.003084,0,0,0,0,0.491208,0.148052,1
1,2,2,2,2,2,2,69.308275,9.477583,1.631672,0.001021,0,0,0,0,0.485357,0.135802,0
1,53,53,53,53,50,33,27.601364,13.79613,1.879842,0.505236,0.115309,0,0,0,0.548946,0.097102,0
1,41,40,40,36,33,24,26.245779,10.302899,2.066102,0.104302,0.007669,0,0,0,0.512211,0.124242,0
1,16,15,15,15,14,12,7.811874,3.005863,0.242062,0,0,0,0,0,0.509341,0.128691,0
1,18,18,13,11,8,4,61.611911,21.056223,3.028357,0.409181,0.087237,0.015578,0,0,0.555732,0.087237,1
1,60,60,60,59,56,40,25.722662,12.536453,1.632797,0.032106,0,0,0,0,0.536798,0.099374,0
1,57,56,54,49,47,34,61.390836,29.776641,6.19829,0.424877,0.009203,0,0,0,0.554045,0.110437,0
1,34,33,32,28,24,21,17.857563,9.394091,0.666893,0,0,0,0,0,0.517217,0.109128,1
1,3,3,3,3,3,3,39.119696,0.404306,0.106181,0,0,0,0,0,0.496211,0.101077,0
1,40,40,39,36,34,26,11.941383,5.197391,0.467251,0.140175,0,0,0,0,0.565159,0.109025,0
1,39,39,38,38,34,24,15.055103,7.935008,0.913504,0.229531,0.00154,0,0,0,0.515959,0.1294,0
1,74,67,67,61,53,40,33.558224,16.899024,2.577712,0.057248,0.001547,0,0,0,0.553512,0.092835,1
1,21,21,21,20,16,10,49.375783,11.229296,2.839722,0.875264,0.321924,0.210845,0.085367,0.044226,0.575093,0.091538,0
1,47,47,46,42,40,28,13.216983,2.717154,0.271258,0,0,0,0,0,0.500146,0.12801,0
1,67,66,63,62,55,44,16.189792,7.668931,0.294304,0.266422,0.020137,0,0,0,0.49111,0.133211,1
1,37,35,35,34,29,21,32.320564,12.709726,1.786315,0.185431,0,0,0,0,0.481081,0.08808,1
0,55,54,54,52,49,38,20.255732,11.739799,0.784808,0.169272,0,0,0,0,0.546574,0.110796,0
1,53,53,53,51,45,31,8.030835,2.621304,0.06646,0,0,0,0,0,0.544477,0.105099,0
1,2,2,2,2,2,1,8.265705,0.983196,0.048848,0,0,0,0,0,0.511413,0.130954,0
1,15,15,15,13,11,6,143.227303,54.821803,36.643643,9.478575,0.421132,0.030081,0.005186,0,0.526085,0.113062,0
1,15,14,12,11,10,8,46.085371,8.265895,1.033848,0.032247,0.005863,0.004886,0.003909,0.003909,0.541188,0.099672,1
1,60,58,57,57,57,52,5.926543,1.384721,0.24345,0,0,0,0,0,0.552082,0.099241,1
1,30,28,25,22,16,11,72.636098,34.356714,8.482364,1.530209,0.146931,0.0087,0,0,0.554477,0.073465,1
1,30,29,29,27,20,11,38.133694,14.141651,2.820528,1.070864,0.310141,0.01658,0.002926,0.002926,0.539224,0.114108,0
1,57,57,57,57,55,42,12.762059,4.590646,1.191501,0,0,0,0,0,0.505128,0.117428,0
1,74,67,58,53,39,23,153.945222,71.338393,36.523223,4.578731,1.403556,0.708442,0.457258,0.016404,0.542667,0.106625,1
1,76,75,68,57,57,41,14.117808,6.911382,0.756721,0.226252,0.064207,0.001529,0,0,0.54633,0.114655,1
1,43,42,42,40,39,34,21.612661,9.669272,0.903438,0.274757,0.128841,0.082272,0.066749,0.058987,0.541183,0.099347,1
1,51,51,50,46,42,32,23.231395,12.033773,4.70161,2.03551,0.248836,0.100462,0,0,0.558956,0.103553,0
1,49,45,45,41,39,31,33.109097,15.416024,1.973338,0.183784,0,0,0,0,0.52644,0.087219,1
1,50,43,41,34,29,22,58.221655,27.743226,12.42329,4.051579,2.008714,0.833601,0,0,0.543169,0.099349,1
1,6,6,6,6,5,5,190.849287,35.361162,18.670931,3.477003,0,0,0,0,0.508759,0.103653,0
1,76,70,69,69,67,59,17.353282,7.519909,2.553264,1.011468,0.565684,0,0,0,0.551115,0.095305,1
1,14,14,13,11,10,9,42.21873,14.659851,1.738361,0.2129,0.001953,0.000977,0,0,0.573369,0.077152,1
1,21,21,21,21,21,21,403.939108,143.759623,85.137728,33.234183,4.388584,0.716154,0.037268,0.01813,0.49202,0.084609,0
1,54,52,52,50,45,32,39.970623,21.127679,6.770204,0.514676,0.108433,0,0,0,0.495352,0.102324,0
1,52,51,50,48,42,30,123.138147,84.0376,10.996109,1.068787,0,0,0,0,0.504307,0.111526,1
1,25,25,23,21,18,14,65.464119,34.935853,12.578013,0.227093,0.003949,0.003949,0.003949,0.003949,0.511398,0.095774,0
1,34,34,34,31,26,19,51.733169,20.030529,6.301271,0.873245,0.064914,0,0,0,0.483298,0.125191,0
1,50,50,50,50,47,36,63.624194,31.295908,13.95102,4.446337,0.701647,0.057183,0,0,0.552436,0.103547,0
1,16,16,14,12,12,9,172.476114,99.221031,33.991731,2.357988,0.007021,0.004012,0.004012,0.004012,0.529646,0.099294,1
1,8,8,8,7,7,5,56.855339,21.532559,4.982154,0.335777,0.003893,0.003893,0.003893,0.003893,0.561032,0.136257,0
1,21,20,19,17,13,6,27.481596,5.579173,1.98435,1.110242,0.65351,0.508516,0.238205,0.053855,0.519491,0.109781,1
1,5,5,5,5,4,3,106.52779,43.60082,20.391427,2.180248,0.051763,0,0,0,0.550975,0.10249,0
1,84,75,71,65,60,49,14.610978,4.011277,1.400423,0.20991,0.055159,0.007661,0,0,0.494907,0.148623,1
1,40,40,40,33,30,28,10.448014,3.651212,0.430546,0.114914,0,0,0,0,0.521089,0.110318,1
1,6,6,6,5,5,5,256.299365,74.028689,34.473861,3.261167,0.006204,0,0,0,0.51087,0.102364,1
1,52,50,46,43,41,27,55.903345,32.687827,9.089159,1.426168,0.088185,0.021286,0.015204,0.013684,0.469959,0.10643,1
1,21,21,21,18,15,11,99.600673,49.376401,10.348749,1.667183,0.093551,0.021665,0.000985,0,0.520187,0.090597,0
1,71,58,51,39,29,17,85.380624,27.652738,14.272283,8.628764,7.084008,1.590308,0.845263,0.361388,0.476745,0.13261,1
0,67,65,63,60,51,38,16.781292,6.77495,0.885503,0.479068,0.271987,0.168447,0.132903,0.035544,0.517156,0.10045,1
0,25,23,20,19,18,16,46.748151,25.54894,8.318598,0.264314,0,0,0,0,0.50642,0.118629,1
1,4,4,4,4,2,2,39.995428,9.293046,1.165246,0.232429,0.07851,0,0,0,0.533399,0.097104,0
1,11,11,10,9,7,3,48.748479,20.827008,3.513266,0.079412,0.00287,0.001914,0.001914,0.001914,0.547186,0.083239,0
1,2,2,2,2,2,2,175.245438,10.031977,3.834528,0.017743,0,0,0,0,0.520074,0.121068,0
1,30,27,23,19,14,13,136.026849,26.844296,10.606287,2.408879,0.05055,0.004127,0.001032,0,0.49463,0.093879,1
1,42,42,42,42,38,26,51.544523,33.428926,7.110968,0.84852,0.265931,0,0,0,0.536004,0.099916,0
1,14,14,14,13,11,11,111.106623,27.774893,10.628492,1.38396,0.128928,0.049355,0.010072,0.007051,0.496427,0.096696,0
1,84,80,70,60,55,39,10.444347,1.210556,0.116549,0.03108,0.004662,0.001554,0,0,0.499176,0.096347,1
1,18,18,18,16,16,12,42.741583,23.802081,3.837009,0.190322,0.01282,0.003944,0.003944,0.003944,0.549342,0.102557,0
1,35,35,34,33,32,25,12.291589,4.522698,0.154728,0,0,0,0,0,0.547669,0.099026,1
1,5,5,5,5,5,5,64.514041,12.834516,2.949465,0.032715,0,0,0,0,0.494875,0.121659,0
0,17,16,15,15,14,6,98.159745,50.046814,27.976097,3.517553,0.030811,0,0,0,0.49797,0.131459,0
1,99,98,92,86,75,51,21.449661,11.02656,0.494437,0,0,0,0,0,0.561563,0.099809,0
1,41,39,37,33,24,15,123.186574,70.360213,42.796705,9.220147,0.854882,0.298023,0.145402,0.004125,0.569552,0.109309,1
1,26,26,25,22,19,12,27.76374,14.416751,0.986305,0.251887,0.025796,0.009104,0,0,0.554947,0.115322,1
1,85,73,70,62,59,37,43.873596,17.321847,4.70807,1.229496,0.119951,0.015783,0.014205,0.012626,0.548025,0.107324,1
1,24,23,23,22,18,15,114.954384,43.476014,19.083951,3.687997,0.267105,0.014569,0.003885,0.000971,0.52384,0.111699,1
1,41,41,41,37,34,26,8.709477,3.171047,0.351992,0.004672,0,0,0,0,0.525264,0.091892,0
1,29,29,29,27,20,18,40.022681,20.900809,2.354733,0.571905,0.090454,0.008754,0.002918,0.000973,0.496496,0.09629,0
1,24,23,23,20,20,19,11.276135,4.763248,0.150144,0,0,0,0,0,0.511507,0.122567,0
1,9,9,9,8,8,8,12.17193,1.169275,0.092337,0.012636,0.005832,0.005832,0.005832,0.005832,0.504977,0.101084,1
1,26,26,23,22,17,8,102.084343,25.294782,13.534715,2.045439,0.014507,0.005803,0.004836,0.003868,0.478575,0.10058,0
1,7,7,7,7,6,4,36.224453,11.398415,1.293318,0.246696,0.163764,0.020995,0,0,0.529593,0.119674,0
1,17,17,15,14,12,11,256.79509,21.141098,10.813817,1.906777,0.060565,0.007066,0,0,0.476528,0.089838,1
1,36,35,33,27,26,14,138.926392,72.129028,15.953894,2.452627,0.437712,0.063705,0.038017,0.031852,0.518562,0.086309,1
1,58,58,56,49,46,32,28.2992,8.913377,0.945311,0.069395,0,0,0,0,0.493961,0.144958,0
1,64,62,60,57,54,46,8.482082,3.428348,1.467007,0.356753,0.14878,0.059192,0.035195,0,0.513141,0.121584,1
1,105,99,90,81,74,40,34.359395,18.130799,4.048434,0.689643,0.283436,0.100036,0.040924,0.030314,0.543699,0.115193,1
1,11,10,9,8,6,5,127.514465,16.157103,7.389192,1.580281,0.066494,0.006234,0.004156,0,0.53209,0.076884,0
1,38,38,37,34,34,27,12.620319,3.332625,0.064562,0,0,0,0,0,0.568055,0.107603,0
1,74,73,72,65,57,44,43.638265,18.489718,5.710877,0.923251,0.060212,0.003088,0,0,0.536393,0.095722,1
0,4,4,4,3,3,3,102.063584,21.923143,8.194623,0.662088,0.180476,0.142318,0,0,0.532014,0.096941,1
0,25,24,24,22,20,16,29.987426,21.736068,6.876896,0.207927,0,0,0,0,0.532245,0.09479,1
0,25,25,20,17,14,8,124.658601,37.333584,13.411461,1.371045,0,0,0,0,0.52483,0.131063,1
1,77,74,72,67,56,41,83.772137,38.064103,13.085026,2.221689,0.050279,0.001571,0,0,0.523955,0.102129,1
1,11,7,6,6,6,5,31.073428,14.277795,1.746907,0.010051,0,0,0,0,0.531741,0.133682,1
1,49,49,48,45,43,31,35.549754,16.142626,3.685274,0.502111,0.087596,0.020335,0,0,0.518605,0.117316,0
0,18,18,18,17,13,8,57.121644,37.996253,13.657067,0.716757,0,0,0,0,0.476693,0.128283,1
1,36,35,34,33,31,23,5.519072,0.460177,0.073141,0,0,0,0,0,0.498459,0.115806,1
0,75,67,56,43,33,24,24.609135,10.657996,3.456785,2.159855,1.668933,1.252208,0.814138,0.294757,0.515086,0.087411,1
1,7,7,7,7,7,5,50.624155,24.834988,6.437545,0.154969,0.006823,0.005848,0.005848,0.004873,0.498377,0.121831,0
1,58,55,52,49,45,39,12.547447,5.667086,0.184997,0.047791,0.007708,0,0,0,0.527407,0.098665,1
1,30,30,30,28,24,20,89.588882,52.839766,37.836507,1.504418,0.028257,0.003897,0.003897,0.003897,0.551695,0.08477,0
0,36,31,24,17,11,7,20.080246,8.736544,6.093828,4.994701,3.647721,2.524541,0.906701,0.50198,0.554235,0.113991,1
0,68,66,65,61,52,32,17.693041,7.559894,0.831619,0.161405,0.058413,0,0,0,0.446304,0.127587,0
1,17,17,16,15,14,10,89.476597,34.50281,18.195406,2.848277,0.024414,0,0,0,0.493727,0.115966,0
1,24,24,22,20,19,16,51.241067,19.732536,7.177703,0.441538,0.036385,0.006884,0.003934,0.00295,0.509862,0.092438,0
1,37,35,31,30,23,17,142.902547,51.393095,18.217466,2.014328,0.003891,0.003891,0.003891,0.002918,0.526081,0.10699,1
1,31,31,27,26,23,13,97.33323,55.639066,15.77683,1.829976,0.206909,0.077103,0.003904,0.003904,0.523205,0.121998,1
1,90,79,77,72,63,41,28.783945,4.76224,1.49945,0.318805,0.091523,0.074744,0.050338,0.041185,0.549158,0.102201,1
1,55,55,55,55,53,42,22.539775,12.094326,1.299162,0.144181,0,0,0,0,0.495623,0.104301,1
1,12,12,11,9,7,3,29.358934,13.111823,2.164865,0.10525,0.005794,0.004828,0.004828,0.004828,0.512429,0.125527,0
1,44,43,43,43,39,30,15.701175,8.789505,1.364715,0.17001,0,0,0,0,0.485962,0.092733,0
1,3,3,3,3,2,1,70.32678,21.785368,4.35523,0.330764,0,0,0,0,0.520438,0.108548,1
1,2,2,2,2,2,1,31.537569,24.030768,11.270434,0,0,0,0,0,0.481576,0.121771,1
1,46,43,42,41,37,35,58.822238,42.069728,18.810185,0.655759,0.082736,0,0,0,0.553114,0.119508,1
1,49,49,48,47,44,37,25.311425,10.273054,4.150031,1.023381,0.003139,0,0,0,0.51415,0.087898,0
1,12,12,11,10,9,7,57.776566,25.026727,3.867387,0.117606,0,0,0,0,0.491677,0.134129,0
0,12,11,10,7,6,4,52.400954,12.633336,5.504258,0.789584,0.005188,0,0,0,0.490629,0.087155,1
1,26,26,25,24,22,17,2.411393,0.027196,0,0,0,0,0,0,0.504559,0.098208,1
1,55,45,39,35,24,15,195.949062,89.820474,36.524606,4.892434,0.470367,0.182577,0.132033,0.104182,0.537545,0.091804,1
1,8,7,7,6,4,4,92.535168,12.757757,4.485543,0.720486,0.028819,0.004117,0,0,0.51542,0.091605,1
1,23,22,21,18,11,8,28.403077,11.541893,3.601532,0.108398,0.003906,0.003906,0.001953,0.001953,0.510998,0.08496,1
0,21,21,19,17,11,9,186.916906,71.343434,43.848368,5.622976,0.253029,0.030831,0,0,0.574701,0.096746,1
1,31,31,31,30,28,25,24.170697,14.61863,2.299629,0.030744,0,0,0,0,0.538726,0.115289,1
1,32,31,31,29,27,24,1.362503,0.050126,0,0,0,0,0,0,0.534504,0.091137,0
1,29,25,23,19,16,10,38.923403,16.8311,4.729195,1.388388,0.223134,0.028925,0.003099,0.002066,0.508813,0.104336,1
1,6,6,5,5,5,3,82.674977,35.942309,8.814631,1.445276,0.252794,0.009324,0,0,0.491023,0.097388,0
1,4,4,4,4,4,3,139.921098,38.104389,14.042079,1.293749,0,0,0,0,0.4815,0.174995,0
1,34,33,32,31,31,27,20.10464,8.437332,0.983304,0.107717,0.001539,0,0,0,0.520941,0.11695,1
1,75,63,60,55,48,35,13.195493,4.396967,0.10407,0,0,0,0,0,0.513092,0.123966,1
1,9,8,7,7,6,5,52.047872,6.464113,1.194268,0.059052,0.001018,0.001018,0,0,0.557803,0.095704,1
1,86,86,84,74,64,49,50.744773,37.766183,7.12607,0.275197,0.003058,0,0,0,0.501192,0.152887,0
1,15,14,13,12,12,9,33.998785,8.705129,2.806159,0.432491,0.017098,0,0,0,0.562255,0.074429,0
1,12,12,12,12,11,9,159.205705,22.534048,9.497258,1.396154,0.216645,0.071212,0.024072,0.01003,0.516888,0.094281,1
1,36,35,35,33,32,21,25.729715,17.293493,2.527816,1.060249,0.616317,0,0,0,0.500692,0.109839,0
1,39,35,32,22,18,13,47.616876,13.957929,4.96508,1.422412,0.232272,0.090442,0.04111,0,0.553208,0.09147,1
1,71,70,69,65,61,35,22.713486,7.067331,1.158354,0.060886,0,0,0,0,0.502431,0.062408,1
1,88,81,75,71,69,60,62.50233,32.804293,8.749053,1.550799,0.20491,0.009314,0.003105,0,0.51257,0.093141,1
1,17,16,13,12,7,5,232.191751,24.433967,14.21981,2.701129,1.170489,0.378567,0.162682,0.089014,0.479711,0.11357,1
1,13,13,12,11,9,8,32.363347,14.540601,6.196998,0.40708,0,0,0,0,0.55111,0.08264,0
1,70,70,70,67,64,53,19.51811,8.967155,1.491181,0.16826,0,0,0,0,0.530772,0.091076,1
0,45,45,44,42,39,30,27.641907,13.261715,1.93981,0.073143,0,0,0,0,0.511283,0.103619,0
1,49,49,47,45,43,33,16.249863,7.055083,0.570479,0,0,0,0,0,0.520964,0.129436,0
1,20,19,19,17,16,11,10.727111,4.553021,0.095082,0,0,0,0,0,0.530975,0.129374,1
1,50,49,47,41,35,24,55.625153,31.886051,15.739808,5.831645,1.710981,0.762635,0.200934,0.114167,0.555502,0.103511,0
1,25,24,23,22,17,12,43.58214,20.669507,4.562259,0.318637,0.001949,0,0,0,0.510198,0.096468,0
1,24,24,24,23,23,14,11.834025,2.089918,0.198222,0,0,0,0,0,0.563762,0.118621,0
1,43,42,41,39,37,32,16.355849,7.128051,1.585209,0.540727,0.264972,0.181783,0.14327,0.101675,0.502896,0.127864,0
1,52,51,51,51,49,42,13.706668,7.36836,0.333024,0,0,0,0,0,0.540211,0.11772,1
1,7,7,7,7,6,5,68.254673,27.070914,10.286333,0.358345,0.008646,0.003843,0.003843,0.003843,0.50504,0.110482,0
1,11,11,10,8,7,5,53.091251,34.100542,11.240499,0.280916,0.021165,0.003848,0.003848,0.003848,0.499752,0.100052,1
1,33,33,30,25,20,12,180.646355,61.770755,25.424302,6.820715,2.320945,0.379318,0.135113,0.044037,0.505824,0.101085,1
1,17,17,17,14,12,9,68.669165,23.975073,8.86772,1.350667,0.13282,0.032228,0.00586,0.000977,0.503945,0.107428,0
0,56,52,47,39,31,20,19.306216,7.864365,1.977152,0.335628,0.054921,0.01373,0.001526,0,0.556149,0.102214,1
1,12,12,12,11,10,7,30.057134,18.070826,1.109987,0,0,0,0,0,0.539157,0.129272,1
0,87,86,85,81,80,66,10.61221,2.843897,0.652313,0.009386,0,0,0,0,0.52834,0.087601,0
0,2,2,2,2,2,1,44.217416,8.618804,0.611183,0.109176,0.007142,0,0,0,0.546157,0.113258,0
1,56,55,54,53,49,37,13.526397,3.44984,0.900629,0.074024,0,0,0,0,0.518191,0.135711,0
1,43,43,42,42,41,38,13.685203,7.038415,0.52217,0.010879,0,0,0,0,0.506338,0.130542,1
1,6,6,6,6,6,5,142.251289,24.543711,12.261985,1.604178,0.001039,0,0,0,0.546352,0.164158,0
1,8,7,6,3,3,3,6.246874,2.299959,0.007705,0,0,0,0,0,0.526939,0.125207,1
1,63,61,61,57,55,48,25.678591,8.260906,3.439594,0.39765,0.020115,0,0,0,0.534283,0.083553,1
1,61,60,59,57,54,39,46.781501,22.067525,3.293158,0.293541,0.108549,0.001529,0,0,0.507493,0.099376,1
1,50,50,48,46,43,29,49.422613,23.966754,2.338679,0.326036,0.001567,0,0,0,0.481377,0.126966,1
1,61,60,60,59,56,48,34.006652,19.354939,3.695941,0.290209,0,0,0,0,0.54155,0.112091,0
1,76,75,74,65,61,43,67.496987,31.455261,10.101486,1.233002,0.117211,0,0,0,0.517109,0.115689,1
1,53,53,52,51,48,37,30.859527,15.454766,4.001988,0.753205,0.075008,0,0,0,0.512783,0.087509,0
1,31,30,27,21,18,11,103.426152,49.700768,18.007653,2.341309,0.388909,0.155171,0.104102,0.069729,0.51521,0.125708,0
1,57,49,38,29,24,15,118.942013,33.33793,9.652468,1.566272,0.061442,0.008058,0.001007,0,0.485307,0.10979,1
1,11,11,11,11,10,8,91.00426,10.709904,3.541563,0.748689,0.012174,0.005072,0.004058,0.002029,0.543036,0.100434,0
1,70,67,65,58,54,38,34.260055,16.501268,5.94027,1.6064,0.299262,0.006202,0,0,0.493708,0.128698,1
1,25,25,25,24,22,14,162.177733,20.755493,12.980815,3.141617,0.33189,0.008246,0,0,0.485196,0.109256,0
1,33,33,33,32,30,24,23.087891,10.650887,1.509093,0.140808,0.013775,0,0,0,0.492785,0.122442,0
1,103,93,88,74,63,42,47.774853,25.40161,8.421227,2.831327,0.980658,0.686612,0.548683,0.419849,0.469762,0.110646,1
1,35,29,24,19,14,9,51.114355,11.394315,3.215894,0.474459,0.168928,0.111576,0.062566,0,0.533062,0.141816,1
1,60,58,54,51,50,33,39.580226,18.46687,6.399014,1.404887,0.181773,0.023107,0.003081,0.00154,0.478967,0.129397,0
1,41,41,41,39,34,23,8.258509,2.458605,0,0,0,0,0,0,0.538324,0.103212,1
1,50,50,50,44,41,25,41.211069,21.632767,2.970196,0.189789,0.02056,0,0,0,0.504492,0.113873,0
1,55,54,53,53,52,46,42.826907,22.444576,4.278296,0.47868,0,0,0,0,0.52017,0.076903,1
1,17,16,16,16,14,12,88.449152,50.830598,20.027391,0.732146,0.004914,0.004914,0.004914,0.003931,0.510628,0.110068,0
0,1,1,1,1,1,1,179.838974,21.82449,10.189451,0.161074,0,0,0,0,0.497545,0.113159,0
1,61,60,56,50,46,36,20.68162,3.358333,0.877936,0.135184,0,0,0,0,0.559707,0.101768,1
1,20,19,19,17,13,8,156.06893,47.75492,21.287331,1.648358,0.021662,0.016504,0,0,0.553926,0.127908,1
1,90,85,81,71,59,39,33.500085,14.112028,2.144301,0.271119,0.070861,0.012324,0.004621,0.00154,0.551878,0.087805,1
1,15,15,15,14,9,7,120.571666,18.31603,6.693654,1.018466,0.035789,0.005113,0,0,0.558516,0.101233,0
1,2,2,2,2,2,2,28.964026,5.710546,0.866155,0.009117,0,0,0,0,0.539285,0.107383,0
1,23,23,22,20,18,16,111.635564,47.458478,35.245683,7.681384,0.624669,0.054275,0.01024,0.00512,0.542657,0.093188,0
1,34,34,32,27,26,18,18.226436,9.511577,0.523995,0,0,0,0,0,0.50135,0.147086,1
1,56,54,50,40,31,22,219.648532,158.442548,91.191324,18.177068,2.113973,0.07753,0,0,0.533368,0.094069,1
1,22,20,17,12,7,3,133.583241,36.528715,13.305382,1.972521,0.183782,0.002088,0,0,0.499141,0.095024,1
1,69,67,64,54,35,20,114.716407,40.369563,22.201698,10.833246,5.925798,2.733302,1.628527,0.544578,0.487897,0.138487,1
1,85,82,81,76,70,54,25.343647,12.488848,1.77083,0.344242,0.134906,0.021709,0.012405,0.009304,0.521347,0.099241,1
0,31,30,30,27,21,13,33.810998,18.947181,9.19784,0.823657,0.100646,0,0,0,0.520918,0.127348,1
1,21,20,20,18,15,10,118.897736,56.331349,29.285405,3.981048,0.258623,0.020341,0.000969,0.000969,0.524227,0.128827,0
1,49,47,47,44,40,31,28.145785,19.574321,2.341681,0.072987,0.022809,0,0,0,0.538285,0.109481,0
1,9,9,9,9,8,7,245.663252,76.277243,40.731,10.618531,0.187801,0.014526,0.006225,0.00415,0.530168,0.097532,0
1,82,80,78,73,69,44,31.493032,8.16948,2.05952,0.452128,0.003118,0.003118,0,0,0.568194,0.101339,1
1,17,16,13,11,10,5,210.819039,74.587451,38.238853,8.032076,0.033286,0,0,0,0.553325,0.084729,1
1,78,77,76,76,73,61,15.871188,3.694036,1.122925,0.06815,0.001549,0,0,0,0.567241,0.091383,1
1,6,6,6,6,6,5,138.497561,36.868793,16.862149,1.578326,0,0,0,0,0.493654,0.120552,0
1,71,61,53,48,33,22,108.561508,18.386337,10.46063,5.192108,2.950617,1.293951,0.686711,0.323997,0.494633,0.133471,1
1,40,37,36,33,31,25,15.609862,6.743903,0.715542,0.006142,0,0,0,0,0.49121,0.107485,1
1,50,49,47,41,39,21,8.676455,2.06211,0.284324,0.03363,0.003057,0,0,0,0.542262,0.116175,1
1,12,12,11,11,9,9,31.194506,9.769433,0.653731,0.005768,0.003845,0.003845,0.003845,0.003845,0.503921,0.105751,0
1,11,10,10,10,9,7,34.450206,8.471505,1.341273,0.077418,0.005806,0.003871,0.003871,0.003871,0.548232,0.116128,0
1,11,11,11,11,11,7,66.659286,29.27329,2.871356,0.006698,0.001914,0.001914,0.001914,0.001914,0.525879,0.094723,1
1,16,15,12,11,9,7,48.567233,18.544719,8.120221,1.464884,0.02433,0,0,0,0.557776,0.100362,1
1,53,53,52,52,52,40,21.371186,11.70869,3.246648,0.525102,0.049567,0,0,0,0.540771,0.108428,0
1,79,76,74,72,69,50,61.559348,28.959444,12.778104,2.045287,0.038016,0,0,0,0.527993,0.101884,1
1,5,4,4,4,4,3,169.09982,78.742242,36.806527,4.141645,0,0,0,0,0.561594,0.103021,0
0,8,8,8,8,5,4,87.943106,28.050493,8.759721,1.136672,0.040814,0,0,0,0.491819,0.118361,0
0,6,6,6,6,5,4,276.491407,130.357061,43.529055,2.821299,0.022399,0.001018,0.001018,0.001018,0.47478,0.067198,1
0,18,17,17,17,14,14,59.655889,22.852706,9.44173,0.739028,0.067801,0.008717,0,0,0.479596,0.123978,1
0,29,28,26,22,17,11,38.812879,27.759006,23.005114,15.172345,12.584615,1.793709,0,0,0.566874,0.080835,1
1,35,35,34,32,30,22,16.740482,8.434313,0.453906,0,0,0,0,0,0.478857,0.111161,0
1,92,84,78,71,60,43,20.384375,10.683792,8.147488,6.674239,5.694161,4.20369,2.71322,1.269718,0.521502,0.104897,1
1,43,43,43,39,36,28,69.952496,40.476639,4.905881,0.35733,0,0,0,0,0.483614,0.137315,0
1,51,46,42,34,29,19,44.914316,20.704744,10.024051,4.828371,3.567413,2.005836,1.42717,0.694604,0.518726,0.108756,1
1,41,41,41,40,40,37,9.85609,4.700476,0.001569,0,0,0,0,0,0.523321,0.122416,0
1,100,90,83,77,66,41,23.181784,8.018066,4.092195,2.201438,1.482793,1.299209,0.972838,0.114544,0.542757,0.119251,1
1,81,72,68,58,55,36,37.869355,13.204527,4.375919,0.492867,0.024567,0.004606,0,0,0.555577,0.128974,1
1,5,5,5,5,3,1,75.225002,5.342564,1.821869,0.068243,0,0,0,0,0.561342,0.094092,0
1,63,62,61,57,54,32,39.929102,16.877218,5.613056,0.867528,0.132412,0.035006,0.016742,0,0.537726,0.097407,0
1,50,49,48,45,39,30,65.456031,28.65378,11.400108,2.341426,0.133353,0.041867,0,0,0.575261,0.117847,0
0,13,13,13,11,10,10,60.080491,8.290359,2.736108,0.139942,0.00386,0,0,0,0.526958,0.108093,0
1,15,14,13,13,11,8,41.710781,14.05913,2.191453,0.064622,0.008553,0.006652,0.006652,0.005702,0.50477,0.114039,0
1,13,13,13,10,7,5,26.112868,11.56542,1.079928,0.202741,0.002038,0,0,0,0.529958,0.097805,0
1,43,42,42,39,36,28,12.255884,4.606207,0.59415,0.044871,0,0,0,0,0.478333,0.116045,1
1,49,47,45,43,40,31,64.520618,34.302624,15.528032,4.110677,0.76606,0.121037,0,0,0.515569,0.087331,1
0,55,54,54,51,42,33,57.387431,31.705494,14.686701,5.78913,1.916517,0.688059,0.123303,0.036534,0.549312,0.101991,0
1,79,79,78,77,73,68,21.415656,11.118347,2.299217,0.238819,0.118629,0.026535,0,0,0.535719,0.071802,1
1,14,14,12,10,8,6,39.081534,9.224076,1.313625,0.022962,0,0,0,0,0.516245,0.114811,0
1,81,80,78,71,58,44,51.59135,19.497929,7.77684,2.006723,0.261063,0.020445,0,0,0.569794,0.138395,0
1,102,95,89,70,64,43,19.808769,7.688292,1.657768,0.290891,0.10322,0.048482,0.03597,0.026587,0.526014,0.109475,1
1,7,7,7,4,4,3,2.941371,0.987162,0.023209,0,0,0,0,0,0.528718,0.177937,0
1,53,51,50,47,46,38,25.338479,13.69606,0.568748,0.013834,0.004611,0,0,0,0.513695,0.086081,1
1,10,10,10,10,10,8,153.031271,23.984338,9.658046,0.99796,0.0666,0.036422,0.022894,0.011447,0.569537,0.089494,1
1,46,37,34,33,29,13,86.175127,36.389715,20.789054,2.929168,0.243141,0.069916,0.010435,0.007305,0.523246,0.121049,1
1,13,13,9,9,7,4,180.743438,82.50953,59.466945,43.284476,33.69422,16.344028,5.937799,2.171842,0.48047,0.087937,1
1,33,32,31,29,23,21,64.817712,12.409905,3.417786,0.275237,0.0232,0.012655,0.006327,0.005273,0.592217,0.114946,0
1,59,58,56,51,51,30,13.198263,3.165746,0.235966,0,0,0,0,0,0.530613,0.148864,1
1,29,29,29,27,26,22,63.84635,31.315476,4.859545,0.489849,0.004099,0,0,0,0.51446,0.103504,1
1,24,24,21,20,17,10,112.316034,54.790166,16.021863,2.053484,0.317197,0.074175,0.036112,0.006832,0.522596,0.101503,0
1,32,32,31,30,27,21,56.446038,29.652373,6.13376,0.534603,0.093824,0.003909,0.003909,0.003909,0.497352,0.11728,0
1,25,24,20,19,16,12,108.208273,37.955324,21.621648,1.987893,0.13926,0.003923,0,0,0.485771,0.130434,0
1,55,54,52,49,46,37,49.592107,21.022808,10.01444,2.734836,0.510769,0.038346,0,0,0.480885,0.095098,0
1,40,40,40,37,35,27,19.74204,9.348577,1.209544,0.167736,0.073865,0.010772,0.006155,0,0.519802,0.124648,0
0,56,52,48,40,31,19,33.640107,15.009336,4.177563,0.36194,0.15047,0.092518,0.067101,0.050834,0.547091,0.140303,1
1,34,34,31,30,27,15,142.123907,81.350203,55.193326,11.695025,0.059928,0.009141,0,0,0.519988,0.082273,0
1,57,46,42,39,32,20,33.786733,15.423602,7.897879,3.236234,1.412156,0.651529,0.374196,0.166196,0.568793,0.092784,1
1,17,17,16,14,10,10,236.22046,107.790758,65.59759,14.579643,0.072672,0.000982,0,0,0.485424,0.10508,0
1,42,42,41,38,34,25,75.547942,38.591887,18.231404,6.493377,2.174345,0.824159,0.053071,0.012487,0.50883,0.112385,0
1,11,9,8,5,4,1,10.429941,4.230234,0.407199,0.001008,0,0,0,0,0.485566,0.126998,1
0,14,13,13,12,10,8,90.996455,11.515006,4.491292,0.148244,0.004089,0,0,0,0.511026,0.121663,1
1,34,33,30,26,23,20,9.795567,4.343259,0.297399,0.130112,0.020136,0.017038,0.007745,0,0.509198,0.113073,1
1,51,46,43,36,29,19,57.270849,22.744436,15.326308,9.986499,8.13922,1.122044,0.023829,0,0.542932,0.102569,1
1,25,24,24,22,21,15,140.834092,60.878003,26.195264,2.791203,0.088563,0.018491,0,0,0.488528,0.107055,0
1,26,25,24,23,19,10,61.058821,23.548738,14.693934,0.684534,0.043151,0.007846,0.003923,0.003923,0.578574,0.077476,0
1,53,47,45,42,33,21,142.201444,102.855636,74.684599,59.766121,51.423208,20.098605,3.739609,0.988691,0.367762,0.082989,1
1,74,68,59,51,43,29,77.934319,62.267779,26.952456,3.481102,1.354816,0.355698,0.216581,0.132794,0.523988,0.156507,1
1,32,32,32,31,29,25,19.273924,9.182954,1.230416,0.317728,0,0,0,0,0.521133,0.137059,0
1,15,15,14,13,10,7,71.522807,12.877578,3.805837,0.43874,0.019522,0.001027,0,0,0.53078,0.114052,0
1,8,8,7,6,6,5,159.043311,44.49486,24.861507,4.774551,0.001019,0,0,0,0.502323,0.113146,1
1,9,9,9,8,8,5,79.111789,21.005374,7.55667,0.661015,0.009678,0.007742,0.003871,0.001936,0.485949,0.103556,0
1,14,13,12,12,12,10,28.454272,10.544213,2.477285,0.571066,0.049006,0,0,0,0.547444,0.094011,1
1,39,39,38,36,29,20,19.162652,8.140657,1.995124,0.571997,0.311166,0.276084,0.253204,0.241001,0.543686,0.118975,1
1,44,43,35,30,20,12,202.64205,22.30103,10.218327,0.191951,0,0,0,0,0.531996,0.143963,1
1,147,132,113,91,65,37,32.693694,10.349979,0.917888,0.043257,0,0,0,0,0.588851,0.085459,1
1,57,56,56,53,48,36,74.070073,37.389731,20.73589,5.237865,0.859218,0.09326,0,0,0.512019,0.111607,0
1,28,28,25,22,21,15,90.47914,55.790363,24.653349,3.508139,0.636091,0.221161,0.004058,0,0.522802,0.140001,1
0,100,89,72,65,48,24,143.996532,46.013672,29.493929,14.958678,7.730844,3.339455,1.4774,0.441792,0.523424,0.10101,1
1,5,5,5,5,5,4,142.490452,29.989125,10.004249,1.90205,0,0,0,0,0.487361,0.117081,0
1,19,18,17,17,14,9,53.56808,30.041775,4.859127,0.518398,0.004863,0.000973,0.000973,0.000973,0.527151,0.104069,0
1,14,14,13,12,10,8,47.405792,11.229419,1.873283,0.176841,0,0,0,0,0.538302,0.086364,0
1,21,21,18,18,16,11,229.864652,115.178129,71.183743,14.914607,0.005772,0.00481,0.00481,0.003848,0.518789,0.088508,1
1,37,37,36,29,24,17,15.592992,9.589151,0.72829,0.037932,0,0,0,0,0.516951,0.194211,0
1,13,12,12,11,8,4,18.722879,5.181329,0.888491,0.068661,0,0,0,0,0.557983,0.09838,0
1,41,40,39,39,37,28,42.769066,15.489371,2.130502,0.026245,0,0,0,0,0.503875,0.12042,0
1,60,58,57,56,52,41,95.245437,52.248081,30.258551,3.786792,0.05912,0,0,0,0.538917,0.08868,0
1,27,27,26,23,18,12,148.549839,55.618727,27.445364,5.742994,0.271292,0.030252,0.000976,0,0.514295,0.107346,1
0,31,31,31,30,29,19,14.395974,5.955691,0.111478,0,0,0,0,0,0.529554,0.126749,0
1,34,34,34,34,33,24,136.285159,25.90991,15.509432,5.11411,0.307383,0.04848,0,0,0.523087,0.129967,0
1,64,63,63,60,56,50,22.276818,10.053161,0.868831,0.056869,0,0,0,0,0.565797,0.127955,0
1,70,66,64,58,54,44,24.527303,7.727656,2.049885,0.22001,0,0,0,0,0.519806,0.122902,1
0,53,51,51,50,49,36,50.056899,24.932674,11.179992,3.966491,0.615141,0.233598,0.035818,0.020245,0.528051,0.133929,0
1,12,12,11,8,8,8,189.598986,48.266202,21.881298,2.869407,0.421728,0.1106,0.002067,0,0.574457,0.102331,0
1,51,49,49,44,41,32,25.949651,14.342938,1.002086,0.003122,0,0,0,0,0.507111,0.126431,1
1,11,11,11,11,9,8,25.106994,7.530863,3.331612,0.420954,0.081309,0.058666,0,0,0.481566,0.10704,0
1,19,19,19,18,14,11,19.846426,7.245334,0.462092,0.025508,0.004905,0.003924,0.003924,0.003924,0.549585,0.140296,0
1,3,3,3,3,3,1,145.210992,74.20834,35.536604,4.212897,0.182014,0.025564,0.00409,0.00409,0.524631,0.106345,0
1,60,58,58,53,47,32,18.925093,5.026597,1.542078,0.330337,0.063936,0.006089,0.004567,0,0.543653,0.089815,1
1,56,53,52,50,49,38,20.535066,7.492565,0.876627,0.033599,0,0,0,0,0.541907,0.085525,1
1,42,41,40,38,29,16,30.225705,10.446708,4.056426,1.092476,0.352665,0.056426,0,0,0.570018,0.109718,1
1,61,60,57,52,45,33,13.457443,4.766178,0.726187,0.238998,0,0,0,0,0.510048,0.119499,1
1,39,39,38,37,32,20,36.535551,27.659378,9.026955,2.558689,1.029322,0.161553,0,0,0.521911,0.147705,0
1,66,65,61,55,48,31,261.647562,72.787694,49.467081,15.577731,4.30462,1.037749,0.090921,0.010451,0.572939,0.098236,1
0,56,55,55,51,48,33,15.933947,6.261148,1.201744,0.061946,0,0,0,0,0.540794,0.103759,1
1,71,62,57,47,37,23,95.232668,28.937086,20.983416,13.241118,9.436416,3.511711,0.637256,0.294038,0.583103,0.114057,1
1,62,62,60,55,50,33,64.037903,32.569041,4.695768,0.295055,0,0,0,0,0.53361,0.102014,0
1,8,8,8,7,6,3,41.501949,6.560523,1.268052,0.13998,0.010293,0,0,0,0.569435,0.096751,0
0,23,22,20,18,13,8,131.077221,47.825963,24.719398,3.161361,0.044599,0.00726,0.001037,0,0.486577,0.115128,1
1,6,6,6,5,5,3,156.264592,49.370508,21.969109,2.517905,0.251276,0,0,0,0.543301,0.131817,0
1,78,75,75,70,65,43,15.259422,8.751638,4.265453,0.185719,0.03958,0.004567,0,0,0.535677,0.118739,1
1,30,30,29,27,23,17,140.39952,66.31084,23.107818,3.045977,0.043178,0.003925,0.003925,0.003925,0.506181,0.095187,0
1,25,24,24,23,18,14,83.135316,46.049413,11.415154,1.663975,0.066478,0.009065,0,0,0.476429,0.13195,1
1,10,10,10,10,8,6,40.641723,19.202111,4.663533,0.39985,0,0,0,0,0.549111,0.120162,0
1,4,4,4,4,4,3,118.036826,21.57838,7.407548,0.725415,0.003959,0.003959,0.003959,0.003959,0.508743,0.105893,0
1,23,21,18,13,7,4,35.347026,9.43159,1.661299,0.247955,0.191132,0.169436,0.139475,0.001033,0.494143,0.099182,1
1,21,21,21,20,20,16,5.121229,1.694872,0.280699,0,0,0,0,0,0.4765,0.073226,1
1,42,39,36,29,21,13,96.385981,24.281414,7.722666,0.641116,0.242004,0.10051,0.072211,0.017565,0.487241,0.084897,1
1,37,36,33,24,18,10,37.686807,4.978201,1.180336,0.184896,0.024986,0.007996,0,0,0.535271,0.093947,1
1,46,46,46,43,42,34,26.839906,16.25448,5.512953,0.316836,0.109734,0,0,0,0.520977,0.095824,1
1,86,84,83,82,80,63,24.226598,4.989495,1.692755,0.165296,0.009183,0.003061,0.003061,0,0.537999,0.097953,1
1,77,71,69,61,39,25,159.904908,94.032005,42.230588,16.562221,8.562842,5.137705,2.191362,1.327518,0.530547,0.127006,1
1,16,16,16,16,15,9,182.410841,51.85002,19.226295,3.303264,0.344026,0.085491,0.01957,0.01339,0.514502,0.104032,0
1,65,60,48,31,24,13,159.723711,43.983882,17.081478,1.644218,0.248323,0.087706,0.065515,0.051778,0.558896,0.12786,1
1,31,30,30,29,28,21,23.736589,12.865507,1.036667,0.072721,0.015473,0,0,0,0.516223,0.120687,1
1,12,12,10,9,8,4,51.440209,26.643732,6.51126,0.312865,0,0,0,0,0.520232,0.100426,1
1,31,31,31,27,22,17,22.404714,13.085926,1.196279,0.100579,0,0,0,0,0.55572,0.109722,1
1,53,53,52,51,51,41,8.63201,3.852405,0.383992,0.290335,0.16546,0.109266,0.085852,0.071803,0.551013,0.087413,1
1,53,53,51,47,44,32,25.283836,8.337976,0.720774,0.036805,0,0,0,0,0.471802,0.141088,0
1,35,34,33,33,33,26,2.579859,0.001552,0,0,0,0,0,0,0.537551,0.124181,0
1,16,16,15,14,12,8,158.177307,84.865487,51.253664,11.283321,1.857293,0.01952,0.006832,0.001952,0.533177,0.10443,0
1,34,34,34,33,31,24,6.071765,0.937472,0.031145,0.003115,0,0,0,0,0.53747,0.116795,0
1,49,49,49,49,45,37,63.197145,27.377668,8.067688,0.979548,0.001552,0,0,0,0.516733,0.12419,0
0,49,48,48,45,43,33,30.461898,13.96698,1.763305,0.137858,0.011221,0,0,0,0.560632,0.129843,0
1,39,36,29,23,13,7,40.525739,12.604947,4.740919,1.07757,0.563518,0.32686,0.239568,0.174584,0.485972,0.10669,1
1,7,7,7,7,7,5,69.423565,7.031843,1.750548,0.046597,0.02118,0.008472,0,0,0.556192,0.088957,0
